-- phpMyAdmin SQL Dump
-- version 4.1.14.8
-- http://www.phpmyadmin.net
--
-- Host: db680704532.db.1and1.com
-- Erstellungszeit: 08. Jun 2018 um 14:13
-- Server Version: 5.5.60-0+deb7u1-log
-- PHP-Version: 5.4.45-0+deb7u14

SET SQL_MODE = "NO_AUTO_VALUE_ON_ZERO";
SET time_zone = "+00:00";


/*!40101 SET @OLD_CHARACTER_SET_CLIENT=@@CHARACTER_SET_CLIENT */;
/*!40101 SET @OLD_CHARACTER_SET_RESULTS=@@CHARACTER_SET_RESULTS */;
/*!40101 SET @OLD_COLLATION_CONNECTION=@@COLLATION_CONNECTION */;
/*!40101 SET NAMES utf8 */;

--
-- Datenbank: `db680704532`
--

-- --------------------------------------------------------

--
-- Tabellenstruktur für Tabelle `admin_notifications`
--

CREATE TABLE IF NOT EXISTS `admin_notifications` (
  `ID` int(10) NOT NULL AUTO_INCREMENT,
  `admin_id` int(10) NOT NULL,
  `type` varchar(100) NOT NULL,
  `time_stamp` varchar(100) NOT NULL,
  PRIMARY KEY (`ID`)
) ENGINE=InnoDB  DEFAULT CHARSET=utf8 AUTO_INCREMENT=5 ;

--
-- Daten für Tabelle `admin_notifications`
--

INSERT INTO `admin_notifications` (`ID`, `admin_id`, `type`, `time_stamp`) VALUES
(4, 2, 'messages', '2018-05-04 11:05:54');

-- --------------------------------------------------------

--
-- Tabellenstruktur für Tabelle `answers`
--

CREATE TABLE IF NOT EXISTS `answers` (
  `ID` int(100) NOT NULL AUTO_INCREMENT,
  `question_ID` int(100) NOT NULL,
  `user_ID` int(100) NOT NULL,
  `answer` varchar(5000) COLLATE latin1_german2_ci NOT NULL,
  `time_stamp` varchar(100) COLLATE latin1_german2_ci NOT NULL,
  PRIMARY KEY (`ID`)
) ENGINE=MyISAM  DEFAULT CHARSET=latin1 COLLATE=latin1_german2_ci AUTO_INCREMENT=80 ;

--
-- Daten für Tabelle `answers`
--

INSERT INTO `answers` (`ID`, `question_ID`, `user_ID`, `answer`, `time_stamp`) VALUES
(79, 18, 23, 'Ich habe die Klausur ohne Vorlesung und Übung geschrieben, was gut machbar war. in der Klausur kamen keine SPSS-bezogenene Fragen dran. ', '2018-06-05 18:36:32'),
(78, 16, 2, 'Nein, muss man mitschreiben.', '2018-05-18 16:18:35'),
(77, 16, 2, 'Nein, muss man mitschreiben.', '2018-05-18 16:17:22'),
(76, 16, 2, 'Nein, muss man mitschreiben.', '2018-05-18 16:13:58');

-- --------------------------------------------------------

--
-- Tabellenstruktur für Tabelle `anti_brute_force`
--

CREATE TABLE IF NOT EXISTS `anti_brute_force` (
  `login_failures` int(11) NOT NULL,
  `user_id` int(11) NOT NULL,
  PRIMARY KEY (`user_id`)
) ENGINE=InnoDB DEFAULT CHARSET=utf8 COLLATE=utf8_unicode_ci;

--
-- Daten für Tabelle `anti_brute_force`
--

INSERT INTO `anti_brute_force` (`login_failures`, `user_id`) VALUES
(2, 11);

-- --------------------------------------------------------

--
-- Tabellenstruktur für Tabelle `commentratings`
--

CREATE TABLE IF NOT EXISTS `commentratings` (
  `ID` int(100) NOT NULL AUTO_INCREMENT,
  `subject_ID` varchar(100) NOT NULL,
  `comment_ID` varchar(100) NOT NULL,
  `user_ID` varchar(100) NOT NULL,
  `rating_direction` varchar(100) NOT NULL,
  `time_stamp` varchar(100) NOT NULL,
  PRIMARY KEY (`ID`),
  UNIQUE KEY `subject_ID` (`subject_ID`,`comment_ID`,`user_ID`)
) ENGINE=InnoDB  DEFAULT CHARSET=utf8 AUTO_INCREMENT=21 ;

--
-- Daten für Tabelle `commentratings`
--

INSERT INTO `commentratings` (`ID`, `subject_ID`, `comment_ID`, `user_ID`, `rating_direction`, `time_stamp`) VALUES
(17, '197', '43', '3', '1', '2018-05-25 13:51:35'),
(18, '52', '42', '3', '1', '2018-05-25 13:51:42'),
(19, '195', '65', '12', '1', '2018-05-28 15:56:28'),
(20, '195', '65', '3', '1', '2018-05-30 13:56:38');

-- --------------------------------------------------------

--
-- Tabellenstruktur für Tabelle `data_privacy`
--

CREATE TABLE IF NOT EXISTS `data_privacy` (
  `item` varchar(100) COLLATE latin1_german2_ci NOT NULL,
  `value` int(11) NOT NULL,
  PRIMARY KEY (`item`)
) ENGINE=MyISAM DEFAULT CHARSET=latin1 COLLATE=latin1_german2_ci;

--
-- Daten für Tabelle `data_privacy`
--

INSERT INTO `data_privacy` (`item`, `value`) VALUES
('delete_prof_last_sent', 2018);

-- --------------------------------------------------------

--
-- Tabellenstruktur für Tabelle `favourites`
--

CREATE TABLE IF NOT EXISTS `favourites` (
  `ID` int(10) NOT NULL AUTO_INCREMENT,
  `user_ID` int(10) NOT NULL,
  `subject_ID` int(10) NOT NULL,
  PRIMARY KEY (`ID`)
) ENGINE=InnoDB  DEFAULT CHARSET=utf8 AUTO_INCREMENT=19 ;

--
-- Daten für Tabelle `favourites`
--

INSERT INTO `favourites` (`ID`, `user_ID`, `subject_ID`) VALUES
(12, 20, 31),
(13, 20, 242),
(14, 10, 27),
(18, 3, 23);

-- --------------------------------------------------------

--
-- Tabellenstruktur für Tabelle `institutes`
--

CREATE TABLE IF NOT EXISTS `institutes` (
  `institute_ID` int(100) NOT NULL AUTO_INCREMENT,
  `name` varchar(100) NOT NULL,
  `abbr` varchar(100) NOT NULL,
  `user_ID` int(100) NOT NULL,
  `time_stamp` varchar(100) NOT NULL,
  `lastChangedBy_ID` int(100) NOT NULL,
  `time_stamp2` varchar(100) NOT NULL,
  PRIMARY KEY (`institute_ID`)
) ENGINE=InnoDB  DEFAULT CHARSET=utf8 AUTO_INCREMENT=52 ;

--
-- Daten für Tabelle `institutes`
--

INSERT INTO `institutes` (`institute_ID`, `name`, `abbr`, `user_ID`, `time_stamp`, `lastChangedBy_ID`, `time_stamp2`) VALUES
(6, 'Institut für Finanzwirtschaft, Banken und Versicherungen', 'FBV', 1, '2017-11-09 19:42:29', 10, '2018-01-17 21:46:12'),
(7, 'Institut für Kolbenmaschinen', 'IFKM', 1, '2017-11-09 20:28:50', 0, ''),
(8, 'Institut für Fahrzeugsystemtechnik', 'FAST', 8, '2017-11-09 20:41:16', 0, ''),
(9, 'Institut für Technologie und Management im Baubetrieb', 'TMB', 8, '2017-11-09 20:50:16', 0, ''),
(10, 'Institut für Angewandte Informatik und Formale Beschreibungsverfahren', 'AIFB', 10, '2017-11-09 20:53:17', 0, ''),
(11, 'Institut für Industrieökonomie', 'ECON', 9, '2017-11-09 20:55:12', 0, ''),
(12, 'Institut für Informationswirtschaft und Marketing', 'IISM', 9, '2017-11-09 21:01:47', 0, ''),
(13, 'Informationsdienste und elektronische Märkte', 'IISM', 10, '2017-11-09 21:02:23', 0, ''),
(14, 'Fachgebiet Immobilienwirtschaft', 'FIWI', 8, '2017-11-09 21:02:48', 0, ''),
(15, 'Institut für Volkswirtschaftslehre', 'ECON', 1, '2017-11-09 21:03:15', 0, ''),
(16, 'Institut für Operations Research', 'IOR', 9, '2017-11-09 21:09:28', 0, ''),
(17, 'Ökonometrie', 'STAT', 10, '2017-11-09 21:10:32', 0, ''),
(18, 'Abteilung Finanzwirtschaft und Banken', 'FBV', 8, '2017-11-09 21:11:38', 0, ''),
(19, 'Institut für Industriebetriebswirtschaftslehre und Produktion', 'IIP', 9, '2017-11-09 21:12:26', 0, ''),
(20, 'Institut für Photogrammetrie und Fernerkundung', 'IPF', 11, '2017-11-09 21:26:47', 0, ''),
(21, 'Institut für Unternehmensführung', 'IBU', 8, '2017-11-09 21:31:51', 0, ''),
(22, 'Institut für Informationsmanagement im Ingenieurwesen', 'IMI', 1, '2017-11-09 21:36:40', 0, ''),
(23, 'Institut für Produktionstechnik', 'WBK', 11, '2017-11-09 21:38:05', 0, ''),
(24, 'Zentrum für Angewandte Rechtswissenschaft', 'ZAR', 8, '2017-11-09 21:38:23', 0, ''),
(25, 'Institut für Technische Mechanik', 'ITM', 9, '2017-11-09 21:41:50', 0, ''),
(27, 'Institut für Mikrosystemtechnik', 'IMT', 8, '2017-11-09 21:50:44', 0, ''),
(28, 'Institut für Angewandte Materialien', 'IAM', 8, '2017-11-09 21:58:34', 0, ''),
(29, 'Institut für Angewandte Physik', 'APH', 8, '2017-11-09 22:01:06', 0, ''),
(30, 'Karlsruhe Service Research Institute', 'KSRI', 11, '2017-11-09 22:01:47', 0, ''),
(31, 'Institut für Fördertechnik und Logistiksysteme', 'IFL', 1, '2017-11-09 22:03:37', 0, ''),
(32, 'Institut für Straßen- und Eisenbahnwesen', 'ISE', 9, '2017-11-09 22:05:56', 0, ''),
(33, 'Institut für Elektroenergiesysteme und Hochspannungstechnik', 'IEH', 1, '2017-11-09 22:15:05', 0, ''),
(34, 'Institut für Wasser und Gewässerentwicklung', 'IWG', 8, '2017-11-09 22:21:08', 0, ''),
(35, 'Geophysikalisches Institut', 'GPI', 11, '2017-11-09 22:21:35', 0, ''),
(36, 'Institut für Informationsmangement im Ingenieurwesen', 'IMI', 8, '2017-11-09 22:34:02', 0, ''),
(37, 'Institut für Meterologie und Klimarforschung', 'IMK', 1, '2017-11-09 22:47:40', 0, ''),
(38, 'Institut für Technische Chemie und Polymerchemie', 'ITCP', 11, '2017-11-09 22:54:49', 0, ''),
(39, 'Institut für Photonen und Quantenelektronik', 'IPQ', 8, '2017-11-09 23:34:34', 0, ''),
(40, 'Institut für Stochastik', 'IFS', 1, '2017-11-09 23:49:51', 0, ''),
(41, 'Institut für Regelungs- und Steuerungssysteme', 'IRS', 1, '2017-11-10 00:12:48', 0, ''),
(42, 'Institut für Soziologie, Medien- und Kulturwissenschaften', 'ISMK', 8, '2017-11-10 00:13:25', 0, ''),
(43, 'Institut für Bio- und Lebensmitteltechnik', 'BLT', 1, '2017-11-10 00:44:51', 0, ''),
(44, 'Institut für Entrepreneurship, Technologie-Management und Innovation', 'ENTECHNON', 17, '2018-01-17 20:53:01', 0, ''),
(45, 'Institut für Technik der Informationsverarbeitung', 'ITIV', 8, '2018-01-17 21:03:56', 0, ''),
(46, 'Institut für Verkehrswesen', 'IFV', 17, '2018-01-17 21:35:34', 0, ''),
(47, 'Institut für Geographie und Geoökologie', 'IFGG', 8, '2018-01-17 22:13:44', 0, ''),
(48, 'Institut für Thermische Strömungsmaschinen', 'ITS', 14, '2018-01-17 22:16:58', 0, ''),
(49, 'Institut für Technische Thermodynamik', 'ITT', 14, '2018-01-17 22:21:55', 0, ''),
(50, 'Wasserchemie und Wassertechnologie', 'EBI', 8, '2018-01-17 22:26:58', 0, ''),
(51, 'Computational Material Sciences', 'IAM', 3, '2018-01-17 22:36:51', 0, '');

-- --------------------------------------------------------

--
-- Tabellenstruktur für Tabelle `lecturers`
--

CREATE TABLE IF NOT EXISTS `lecturers` (
  `lecturer_ID` int(11) NOT NULL AUTO_INCREMENT,
  `first_name` varchar(100) NOT NULL,
  `last_name` varchar(100) NOT NULL,
  `user_ID` int(100) NOT NULL,
  `time_stamp` varchar(100) NOT NULL,
  `lastChangedBy_ID` int(100) NOT NULL,
  `time_stamp2` varchar(100) NOT NULL,
  PRIMARY KEY (`lecturer_ID`)
) ENGINE=InnoDB  DEFAULT CHARSET=utf8 AUTO_INCREMENT=274 ;

--
-- Daten für Tabelle `lecturers`
--

INSERT INTO `lecturers` (`lecturer_ID`, `first_name`, `last_name`, `user_ID`, `time_stamp`, `lastChangedBy_ID`, `time_stamp2`) VALUES
(5, 'Jan-Oliver', 'Strych', 1, '2017-11-09 19:42:41', 0, ''),
(6, 'Marcus', 'Gohl', 1, '2017-11-09 20:29:00', 0, ''),
(7, 'Peter', 'Gratzfeld', 8, '2017-11-09 20:43:32', 0, ''),
(8, 'Sascha', 'Gentes', 8, '2017-11-09 20:50:38', 0, ''),
(10, 'Pradyumn Kumar Shukla', 'Shukla', 10, '2017-11-09 20:53:36', 0, ''),
(11, 'Nora', 'Szech', 9, '2017-11-09 20:56:49', 0, ''),
(12, 'Hans-Joachim', 'Unrau', 11, '2017-11-09 20:57:30', 0, ''),
(13, 'Shervin', 'Haghsheno', 8, '2017-11-09 20:58:30', 0, ''),
(14, 'Harald', 'Schneider', 8, '2017-11-09 20:59:39', 0, ''),
(15, 'Christof', 'Weinhardt', 9, '2017-11-09 21:02:02', 0, ''),
(16, 'Andreas', 'Geyer-Schulz', 10, '2017-11-09 21:02:38', 0, ''),
(17, 'Thomas', 'Lützkendorf', 8, '2017-11-09 21:03:01', 0, ''),
(18, 'Kay', 'Mitusch', 1, '2017-11-09 21:03:25', 0, ''),
(19, 'Benjamin', 'Ströbele', 8, '2017-11-09 21:06:07', 0, ''),
(20, 'Bernhard', 'Kehrwald', 8, '2017-11-09 21:08:23', 0, ''),
(21, 'Stefan', 'Nickel', 9, '2017-11-09 21:09:47', 0, ''),
(22, 'Rheza', 'Nakhaeizadeh', 10, '2017-11-09 21:10:46', 0, ''),
(23, 'Frank', 'Gauterin', 11, '2017-11-09 21:10:56', 0, ''),
(24, 'Martin', 'Ruckes', 8, '2017-11-09 21:11:53', 0, ''),
(25, 'Wolf', 'Fichtner', 9, '2017-11-09 21:15:07', 0, ''),
(26, 'Dieter', 'Ammon', 11, '2017-11-09 21:16:32', 0, ''),
(27, 'Andreas', 'Oberweis', 10, '2017-11-09 21:17:34', 0, ''),
(28, 'Berthold', 'Wigger', 9, '2017-11-09 21:19:43', 0, ''),
(29, 'Günter', 'Leister', 11, '2017-11-09 21:20:23', 0, ''),
(30, 'Martin', 'Klarmann', 8, '2017-11-09 21:26:36', 0, ''),
(31, 'Marliese', 'Uhrig-Homburg', 10, '2017-11-09 21:27:19', 0, ''),
(32, 'Frank', 'Schultmann', 8, '2017-11-09 21:27:23', 0, ''),
(33, 'Stefan', 'Hinz', 11, '2017-11-09 21:27:28', 0, ''),
(34, 'Johannes', 'Reiß', 9, '2017-11-09 21:30:15', 0, ''),
(35, 'Petra', 'Nieken', 8, '2017-11-09 21:32:31', 0, ''),
(36, 'Ju-Young', 'Kim', 10, '2017-11-09 21:32:37', 0, ''),
(37, 'Uwe', 'Weidner', 11, '2017-11-09 21:32:59', 0, ''),
(38, 'Alexander', 'Klopfer', 8, '2017-11-09 21:33:03', 0, ''),
(39, 'Steffen', 'Rebennack', 9, '2017-11-09 21:34:13', 0, ''),
(40, 'Stefan', 'Klink', 10, '2017-11-09 21:36:43', 0, ''),
(41, 'Roland', 'Kläger', 1, '2017-11-09 21:36:58', 0, ''),
(42, 'Volker', 'Schulze', 11, '2017-11-09 21:38:18', 0, ''),
(43, 'Yvonne', 'Matz', 8, '2017-11-09 21:38:33', 0, ''),
(44, 'Frederik', 'Zanger', 11, '2017-11-09 21:39:24', 0, ''),
(45, 'Oliver', 'Grothe', 1, '2017-11-09 21:40:19', 0, ''),
(46, 'Alexander', 'Fidlin', 9, '2017-11-09 21:42:27', 0, ''),
(47, 'Torsten', 'Lüdecke', 11, '2017-11-09 21:43:54', 0, ''),
(48, 'Melanie', 'Schienle', 11, '2017-11-09 21:48:31', 0, ''),
(49, 'Andreas', 'Guber', 8, '2017-11-09 21:51:06', 0, ''),
(50, 'Ralf', 'Kneuper', 1, '2017-11-09 21:54:59', 0, ''),
(51, 'Lars', 'Brinkschulte', 11, '2017-11-09 21:55:48', 0, ''),
(52, 'Ingrid', 'Ott', 9, '2017-11-09 21:55:57', 0, ''),
(53, 'York', 'Sure-Vetter', 1, '2017-11-09 21:57:55', 0, ''),
(54, 'Christian', 'Greiner', 8, '2017-11-09 21:58:45', 0, ''),
(55, 'Hendrik', 'Hölscher', 8, '2017-11-09 21:59:40', 0, ''),
(56, 'Stefan', 'Walheim', 8, '2017-11-09 22:01:15', 0, ''),
(57, 'Niklas', 'Kühl', 11, '2017-11-09 22:02:02', 0, ''),
(58, 'Gerhard', 'Satzger', 11, '2017-11-09 22:03:18', 0, ''),
(59, 'Markus', 'Golder', 1, '2017-11-09 22:03:49', 0, ''),
(60, 'Jörg', 'Franke', 8, '2017-11-09 22:04:38', 2, '2018-01-18 11:17:17'),
(61, 'Jörg', 'Föller', 1, '2017-11-09 22:06:32', 0, ''),
(62, 'Eberhard', 'Hohnecker', 9, '2017-11-09 22:06:54', 0, ''),
(63, 'Alexander', 'Mädche', 11, '2017-11-09 22:08:16', 0, ''),
(64, 'Stefan', 'Morana', 11, '2017-11-09 22:09:22', 0, ''),
(65, 'Andreas', 'Sauer', 1, '2017-11-09 22:09:44', 0, ''),
(66, 'Marcus', 'Geimer', 8, '2017-11-09 22:13:25', 0, ''),
(67, 'Felix', 'Weber', 8, '2017-11-09 22:14:22', 0, ''),
(68, 'Mitarbeiter', 'N.N.', 1, '2017-11-09 22:15:23', 0, ''),
(69, 'Rainer', 'Golloch', 11, '2017-11-09 22:16:56', 0, ''),
(70, 'Sven', 'Ulrich', 1, '2017-11-09 22:19:18', 0, ''),
(71, 'Uwe', 'Ehret', 8, '2017-11-09 22:21:18', 0, ''),
(72, 'James', 'Daniell', 11, '2017-11-09 22:21:48', 0, ''),
(73, 'Jan', 'Wienhöfer', 8, '2017-11-09 22:22:08', 0, ''),
(74, 'Erwin', 'Zehe', 8, '2017-11-09 22:22:36', 0, ''),
(75, 'Ellen', 'Gottschämmer', 11, '2017-11-09 22:22:50', 0, ''),
(76, 'Bernhard', 'Schick', 11, '2017-11-09 22:30:03', 0, ''),
(77, 'Martin', 'Schmidt', 8, '2017-11-09 22:30:12', 0, ''),
(78, 'Vladimir', 'Madzharo', 1, '2017-11-09 22:31:10', 0, ''),
(79, 'Martin', 'Mittwollen', 1, '2017-11-09 22:31:28', 0, ''),
(80, 'Wolfgang', 'Müller', 11, '2017-11-09 22:33:26', 0, ''),
(81, 'Jivka', 'Ovtcharova', 8, '2017-11-09 22:34:17', 0, ''),
(82, 'Thomas', 'Leibfried', 9, '2017-11-09 22:35:48', 0, ''),
(83, 'Timo', 'Mappes', 1, '2017-11-09 22:35:51', 0, ''),
(84, 'Oliver', 'Stein', 11, '2017-11-09 22:36:34', 0, ''),
(85, 'Martin', 'Gießler', 1, '2017-11-09 22:39:01', 0, ''),
(86, 'Harald', 'Sack', 8, '2017-11-09 22:39:45', 0, ''),
(87, 'Wolfgang', 'Menesklou', 9, '2017-11-09 22:42:20', 0, ''),
(88, 'Michael', 'Hoffmann', 1, '2017-11-09 22:43:47', 0, ''),
(89, 'Oliver', 'Riedel', 8, '2017-11-09 22:45:39', 0, ''),
(90, 'Achim', 'Rettinger', 11, '2017-11-09 22:47:18', 0, ''),
(91, 'Joaquim José', 'Ginete Werner Pinto', 1, '2017-11-09 22:47:52', 0, ''),
(92, 'Jan', 'Oellerich', 9, '2017-11-09 22:49:47', 0, ''),
(93, 'Christoph', 'Kilger', 8, '2017-11-09 22:50:13', 0, ''),
(94, 'Meike', 'Braun', 9, '2017-11-09 22:52:35', 0, ''),
(95, 'Kai', 'Furmanns', 1, '2017-11-09 22:53:25', 0, ''),
(96, 'Karl-Hubert', 'Schlichtenmayer', 8, '2017-11-09 22:53:31', 0, ''),
(97, 'Olaf', 'Deutschmann', 11, '2017-11-09 22:55:05', 0, ''),
(98, 'Jan-Dierk', 'Grunwaldt', 11, '2017-11-09 22:56:32', 0, ''),
(99, 'Martin', 'Wietschel', 9, '2017-11-09 22:56:52', 0, ''),
(100, 'Marcus', 'Wiens', 1, '2017-11-09 22:57:14', 0, ''),
(101, 'Gisela', 'Lanza', 8, '2017-11-09 22:58:21', 0, ''),
(102, 'Jan Gerrit', 'Korvink', 11, '2017-11-09 22:58:52', 0, ''),
(103, 'Thomas', 'Koch', 9, '2017-11-09 23:00:50', 0, ''),
(104, 'Sven', 'Feurer', 8, '2017-11-09 23:01:02', 0, ''),
(105, 'Vlad', 'Badilita', 11, '2017-11-09 23:02:31', 0, ''),
(106, 'André', 'Richter', 1, '2017-11-09 23:03:16', 0, ''),
(107, 'Thomas', 'Wolf', 9, '2017-11-09 23:04:04', 0, ''),
(108, 'Ulrich', 'Walter', 8, '2017-11-09 23:05:42', 0, ''),
(109, 'Rebekka', 'Volk', 11, '2017-11-09 23:06:15', 0, ''),
(110, 'Marc', 'Wouters', 1, '2017-11-09 23:06:19', 0, ''),
(111, 'Ute', 'Werner', 9, '2017-11-09 23:06:46', 0, ''),
(112, 'Karl-Martin', 'Erhardt', 9, '2017-11-09 23:09:17', 0, ''),
(113, 'Roland', 'Schätzle', 1, '2017-11-09 23:09:52', 0, ''),
(114, 'Gunther', 'Schiefer', 11, '2017-11-09 23:10:11', 0, ''),
(115, 'Jürgen', 'Gspann', 8, '2017-11-09 23:10:36', 0, ''),
(116, 'Horst Dietmar', 'Bardehle', 11, '2017-11-09 23:12:53', 0, ''),
(117, 'Johann Marius', 'Zöllner', 1, '2017-11-09 23:13:50', 0, ''),
(118, 'Bernd', 'Hoferer', 9, '2017-11-09 23:15:15', 0, ''),
(119, 'Manfred', 'Kohl', 8, '2017-11-09 23:15:34', 0, ''),
(120, 'Martin', 'Sommer', 8, '2017-11-09 23:15:54', 0, ''),
(121, 'Jörg', 'Zürn', 11, '2017-11-09 23:16:18', 0, ''),
(122, 'Sven', 'Kienzle', 1, '2017-11-09 23:18:28', 0, ''),
(123, 'Dieter', 'Steegmüller', 1, '2017-11-09 23:19:42', 0, ''),
(124, 'Rolf', 'Frech', 11, '2017-11-09 23:20:39', 0, ''),
(125, 'Nikolaus', 'Marsch', 8, '2017-11-09 23:27:49', 0, ''),
(126, 'Tobias Christoph', 'Förtsch', 11, '2017-11-09 23:33:56', 0, ''),
(127, 'Wolfgang', 'Freude', 8, '2017-11-09 23:34:50', 0, ''),
(128, 'Peter', 'Gumbsch', 11, '2017-11-09 23:35:14', 0, ''),
(129, 'Alexander', 'Nesterov-Müller', 11, '2017-11-09 23:37:09', 0, ''),
(130, 'Nicolas', 'Burkardt', 8, '2017-11-09 23:37:31', 0, ''),
(131, 'Kerstin', 'Fehre', 8, '2017-11-09 23:37:50', 0, ''),
(132, 'Hagen', 'Lindstädt', 8, '2017-11-09 23:38:13', 0, ''),
(133, 'Daniel', 'Weygand', 11, '2017-11-09 23:38:29', 0, ''),
(134, 'Johannes', 'Schneider', 11, '2017-11-09 23:41:28', 0, ''),
(135, 'Peter', 'Michl', 8, '2017-11-09 23:42:43', 0, ''),
(136, 'Jella', 'Pfeiffer', 11, '2017-11-09 23:44:16', 0, ''),
(137, 'Timm', 'Teubner', 11, '2017-11-09 23:45:23', 0, ''),
(138, 'Martin', 'Eigner', 11, '2017-11-09 23:49:42', 0, ''),
(139, 'Martin', 'Folkers', 1, '2017-11-09 23:50:02', 0, ''),
(140, 'Günter', 'Last', 1, '2017-11-09 23:50:13', 0, ''),
(141, 'Steffen', 'Winter', 1, '2017-11-09 23:50:28', 0, ''),
(142, 'Russell', 'McKenna', 8, '2017-11-09 23:52:08', 0, ''),
(143, 'Peter', 'Elsner', 11, '2017-11-09 23:52:53', 0, ''),
(144, 'Kay', 'Weidenmann', 11, '2017-11-09 23:53:48', 0, ''),
(145, 'Andreas', 'Harth', 8, '2017-11-09 23:54:27', 0, ''),
(146, 'Maria', 'Maleshkova', 8, '2017-11-09 23:57:10', 0, ''),
(147, 'Michael', 'Kunz', 1, '2017-11-09 23:58:57', 0, ''),
(148, 'Steffen', 'Bolender', 8, '2017-11-10 00:00:12', 0, ''),
(149, 'Uwe', 'Wagner', 1, '2017-11-10 00:01:10', 0, ''),
(150, 'Maxim', 'Ulrich', 11, '2017-11-10 00:03:00', 0, ''),
(151, 'Marco', 'Wydra', 8, '2017-11-10 00:03:26', 0, ''),
(152, 'Chris', 'Geiger', 1, '2017-11-10 00:04:29', 0, ''),
(153, 'Jan', 'Siebert', 1, '2017-11-10 00:04:37', 0, ''),
(154, 'Karl-Heinz', 'Waldmann', 8, '2017-11-10 00:05:57', 0, ''),
(155, 'Ralf', 'Roos', 1, '2017-11-10 00:06:14', 0, ''),
(156, 'Peter', 'Vortisch', 1, '2017-11-10 00:06:28', 0, ''),
(157, 'Frank', 'Kirschbaum', 1, '2017-11-10 00:10:30', 0, ''),
(158, 'Jérémy', 'Rimbon', 11, '2017-11-10 00:10:32', 0, ''),
(159, 'Roland', 'Lerch', 11, '2017-11-10 00:12:51', 0, ''),
(160, 'Sören', 'Hohmann', 1, '2017-11-10 00:12:56', 0, ''),
(161, 'Gerd', 'Nollmann', 8, '2017-11-10 00:13:38', 0, ''),
(162, 'Volker Michael', 'Stauch', 11, '2017-11-10 00:14:54', 0, ''),
(163, 'Tanya', 'Gonser', 1, '2017-11-10 00:15:04', 0, ''),
(164, 'Melanie', 'Reuter-Oppermann', 1, '2017-11-10 00:15:38', 0, ''),
(165, 'Hartmut', 'Schmeck', 8, '2017-11-10 00:17:20', 0, ''),
(166, 'Stefanie', 'Betz', 8, '2017-11-10 00:20:24', 0, ''),
(167, 'Dietmar', 'Ratz', 11, '2017-11-10 00:21:20', 0, ''),
(168, 'Sören', 'Bernhardt', 1, '2017-11-10 00:22:15', 0, ''),
(169, 'Michael', 'Frey', 11, '2017-11-10 00:24:34', 0, ''),
(170, 'Armin', 'Bader', 8, '2017-11-10 00:26:32', 0, ''),
(171, 'Thomas', 'Herlan', 1, '2017-11-10 00:28:51', 0, ''),
(172, 'Rainer', 'Oberacker', 11, '2017-11-10 00:35:08', 0, ''),
(173, 'Wolf-Dieter', 'Heller', 8, '2017-11-10 00:35:27', 0, ''),
(174, 'Christoph', 'Gönnheimer', 8, '2017-11-10 00:36:46', 0, ''),
(175, 'Franz', 'Nestmann', 11, '2017-11-10 00:37:59', 0, ''),
(176, 'Manuel', 'Hinterstein', 8, '2017-11-10 00:44:56', 0, ''),
(177, 'Volker', 'Gaukel', 1, '2017-11-10 00:45:01', 0, ''),
(178, 'Susanne', 'Wagner', 8, '2017-11-10 00:45:38', 0, ''),
(179, 'Jürgen', 'Fleischer', 11, '2017-11-10 00:46:54', 0, ''),
(180, 'Patric', 'Gruber', 1, '2017-11-10 00:47:34', 0, ''),
(181, 'Oliver', 'Kraft', 1, '2017-11-10 00:49:11', 0, ''),
(182, 'Stefan', 'Dietrich', 8, '2017-11-10 00:50:08', 0, ''),
(183, 'Markus', 'Klaiber', 1, '2017-11-10 00:52:15', 0, ''),
(184, 'Clemens', 'Puppe', 11, '2017-11-10 00:53:07', 0, ''),
(185, 'Johannes', 'Brumm', 8, '2017-11-10 00:55:39', 0, ''),
(186, 'Stephan', 'Fuchs', 15, '2018-01-17 20:39:57', 0, ''),
(188, 'Jan', 'Buchmann', 8, '2018-01-17 20:46:32', 0, ''),
(189, 'Rainer', 'Badent', 10, '2018-01-17 20:46:53', 0, ''),
(190, 'Peter', 'Steffek', 18, '2018-01-17 20:47:36', 0, ''),
(191, 'Robert', 'Blackburn', 8, '2018-01-17 20:48:43', 0, ''),
(192, 'Marion', 'Weissenberger-Eibl', 17, '2018-01-17 20:53:13', 0, ''),
(193, 'David', 'Lorenz', 10, '2018-01-17 20:58:03', 0, ''),
(194, 'Matthias', 'Worgull', 8, '2018-01-17 20:59:45', 0, ''),
(195, 'Orestis', 'Terzidis', 14, '2018-01-17 21:02:31', 0, ''),
(196, 'Jens', 'Becker', 8, '2018-01-17 21:04:10', 0, ''),
(197, 'Hansjörg', 'Fromm', 10, '2018-01-17 21:06:12', 0, ''),
(198, 'Karl-Martin', 'Ehrhart', 16, '2018-01-17 21:07:18', 0, ''),
(199, 'Thomas', 'Dreier', 17, '2018-01-17 21:08:38', 0, ''),
(200, 'Rudi', 'Studer', 14, '2018-01-17 21:08:39', 0, ''),
(201, 'Anja', 'Hildebrand', 14, '2018-01-17 21:12:38', 0, ''),
(202, 'Joachim', 'Binder', 17, '2018-01-17 21:15:03', 0, ''),
(203, 'Christian', 'Wilhelm', 15, '2018-01-17 21:25:05', 0, ''),
(204, 'Christian', 'Koos', 17, '2018-01-17 21:25:56', 0, ''),
(205, 'Matthias', 'Zimmermann', 14, '2018-01-17 21:26:38', 0, ''),
(206, 'Wolf-Rüdiger', 'Heilmann', 8, '2018-01-17 21:31:56', 0, ''),
(207, 'Patrick', 'Jochem', 14, '2018-01-17 21:35:07', 0, ''),
(208, 'Martin', 'Kagerbauer', 17, '2018-01-17 21:35:45', 0, ''),
(209, 'Verena', 'Dorner', 17, '2018-01-17 21:38:41', 0, ''),
(210, 'Egbert', 'Lox', 15, '2018-01-17 21:38:59', 0, ''),
(211, 'Arndt', 'Last', 15, '2018-01-17 21:43:54', 0, ''),
(212, 'Edmund', 'Schwake', 10, '2018-01-17 21:46:21', 0, ''),
(213, 'Bastian', 'Chlond', 8, '2018-01-17 21:49:59', 0, ''),
(214, 'Harald', 'Maser', 10, '2018-01-17 21:50:47', 0, ''),
(215, 'Klaus', 'Bade', 8, '2018-01-17 21:52:39', 0, ''),
(216, 'Heiko', 'Keller', 16, '2018-01-17 21:53:20', 0, ''),
(217, 'Ute', 'Karl', 14, '2018-01-17 21:55:17', 0, ''),
(218, 'Michael', 'Reichenbacher', 8, '2018-01-17 21:55:56', 0, ''),
(219, 'Philipp', 'Schuster', 8, '2018-01-17 21:56:20', 0, ''),
(220, 'Alexander', 'Hahn', 16, '2018-01-17 21:56:36', 0, ''),
(221, 'Stephan', 'Hilgert', 8, '2018-01-17 21:59:03', 0, ''),
(222, 'Silvia', 'Schacht', 10, '2018-01-17 22:01:21', 0, ''),
(223, 'Andreas', 'Sonnenbichler', 17, '2018-01-17 22:02:21', 0, ''),
(224, 'Torsten', 'Luedecke', 8, '2018-01-17 22:02:22', 0, ''),
(225, 'Henning', 'Sasse', 10, '2018-01-17 22:04:57', 0, ''),
(226, 'Massimo', 'Genoese', 17, '2018-01-17 22:05:49', 0, ''),
(227, 'Dogan', 'Keles', 18, '2018-01-17 22:08:29', 0, ''),
(228, 'Jan', 'Kowalski', 10, '2018-01-17 22:09:25', 0, ''),
(229, 'Bastian', 'Rapp', 17, '2018-01-17 22:12:17', 0, ''),
(230, 'Florian', 'Wittmann', 8, '2018-01-17 22:14:43', 0, ''),
(231, 'Frank', 'Thomas', 10, '2018-01-17 22:14:47', 0, ''),
(232, 'Ute', 'Werner', 15, '2018-01-17 22:15:19', 0, ''),
(233, 'Hans-Jörg', 'Bauer', 14, '2018-01-17 22:17:18', 0, ''),
(234, 'Daniel Jeffrey', 'Koch', 15, '2018-01-17 22:18:27', 0, ''),
(235, 'Corina', 'Schwitzke', 14, '2018-01-17 22:18:58', 0, ''),
(236, 'Amin', 'Velji', 14, '2018-01-17 22:19:41', 0, ''),
(237, 'Heiner', 'Wirbser', 14, '2018-01-17 22:22:09', 0, ''),
(238, 'Rainer', 'Walz', 10, '2018-01-17 22:24:56', 0, ''),
(239, 'Harald', 'Horn', 8, '2018-01-17 22:27:11', 0, ''),
(240, 'Dietmar', 'Hönig', 15, '2018-01-17 22:27:19', 0, ''),
(241, 'Charlotte', 'Kämpf', 10, '2018-01-17 22:29:25', 0, ''),
(242, 'Klaus', 'Teizer', 3, '2018-01-17 22:29:44', 0, ''),
(243, 'Marten', 'Hillebrand', 18, '2018-01-17 22:30:14', 0, ''),
(244, 'Mher', 'Safarian', 17, '2018-01-17 22:30:25', 0, ''),
(245, 'Frank', 'Schönung', 14, '2018-01-17 22:30:39', 0, ''),
(246, 'Gudrun', 'Abbt-Braun', 8, '2018-01-17 22:31:31', 0, ''),
(247, 'Michael', 'Denzer', 3, '2018-01-17 22:32:01', 0, ''),
(248, 'Florencia', 'Saravia', 8, '2018-01-17 22:32:14', 0, ''),
(249, 'Norbert', 'Koppenhagen', 17, '2018-01-17 22:33:07', 0, ''),
(250, 'Matthias', 'Bäcker', 10, '2018-01-17 22:34:00', 0, ''),
(251, 'Clemens', 'Cremer', 14, '2018-01-17 22:35:16', 0, ''),
(252, 'Jürgen', 'Ihringer', 8, '2018-01-17 22:35:52', 0, ''),
(253, 'Majid', 'Farajian', 3, '2018-01-17 22:36:59', 0, ''),
(254, 'Erhard', 'Hoffmann', 8, '2018-01-17 22:37:45', 0, ''),
(255, 'Claus J.', 'Bosch', 16, '2018-01-17 22:38:54', 0, ''),
(256, 'Mathias', 'Göbelt', 16, '2018-01-17 22:39:43', 0, ''),
(257, 'Heiko', 'Kubach', 14, '2018-01-17 22:40:26', 0, ''),
(258, 'Alexander', 'Pischon', 8, '2018-01-17 22:41:17', 0, ''),
(259, 'Tilman', 'Heupel', 16, '2018-01-17 22:42:37', 0, ''),
(260, 'Hendrink', 'Lang', 16, '2018-01-17 22:43:09', 0, ''),
(261, 'Knut', 'Alicke', 16, '2018-01-17 22:44:28', 0, ''),
(262, 'Paul', 'Glenn', 17, '2018-01-17 22:46:03', 0, ''),
(263, 'Mark', 'Schröder', 17, '2018-01-17 22:47:49', 0, ''),
(264, 'Hans-Peter', 'Kany', 8, '2018-01-17 22:49:18', 0, ''),
(265, 'Thomas', 'Setzer', 3, '2018-01-17 22:49:51', 0, ''),
(266, 'Detlef', 'Dietrich', 2, '2018-01-17 22:50:11', 0, ''),
(267, 'Volker', 'Waßmuth', 16, '2018-01-17 22:50:29', 0, ''),
(268, 'Valentin', 'Bertsch', 14, '2018-01-17 22:51:12', 0, ''),
(269, 'Joachim', 'Blickhäuser', 16, '2018-01-17 22:53:07', 0, ''),
(270, 'Carsten', 'Linz', 14, '2018-01-17 22:56:09', 0, ''),
(271, 'Armin', 'Ardone', 15, '2018-01-17 22:56:54', 0, ''),
(272, 'Heinrich', 'Schlick', 14, '2018-01-17 23:03:26', 0, ''),
(273, 'Andrej Marko', 'Pustisek', 14, '2018-01-17 23:06:17', 0, '');

-- --------------------------------------------------------

--
-- Tabellenstruktur für Tabelle `lecturers_institutes`
--

CREATE TABLE IF NOT EXISTS `lecturers_institutes` (
  `lecturers_institutes_ID` int(100) NOT NULL AUTO_INCREMENT,
  `lecturer_ID` int(100) NOT NULL,
  `institute_ID` int(100) NOT NULL,
  PRIMARY KEY (`lecturers_institutes_ID`)
) ENGINE=InnoDB  DEFAULT CHARSET=utf8 AUTO_INCREMENT=275 ;

--
-- Daten für Tabelle `lecturers_institutes`
--

INSERT INTO `lecturers_institutes` (`lecturers_institutes_ID`, `lecturer_ID`, `institute_ID`) VALUES
(5, 5, 6),
(6, 6, 7),
(7, 7, 8),
(8, 8, 9),
(10, 10, 10),
(11, 11, 11),
(12, 12, 8),
(13, 13, 9),
(14, 14, 9),
(15, 15, 12),
(16, 16, 13),
(17, 17, 14),
(18, 18, 15),
(19, 19, 14),
(20, 20, 7),
(21, 21, 16),
(22, 22, 17),
(23, 23, 8),
(24, 24, 18),
(25, 25, 19),
(26, 26, 8),
(27, 27, 10),
(28, 28, 11),
(29, 29, 8),
(30, 30, 12),
(31, 31, 18),
(32, 32, 19),
(33, 33, 20),
(34, 34, 15),
(35, 35, 21),
(36, 36, 12),
(37, 37, 20),
(38, 38, 21),
(39, 39, 16),
(40, 40, 10),
(41, 41, 22),
(42, 42, 23),
(43, 43, 24),
(44, 44, 23),
(45, 45, 11),
(46, 46, 25),
(47, 47, 6),
(48, 48, 11),
(49, 49, 27),
(50, 50, 10),
(51, 51, 8),
(52, 52, 15),
(53, 53, 10),
(54, 54, 28),
(55, 55, 27),
(56, 56, 29),
(57, 57, 30),
(58, 58, 30),
(59, 59, 31),
(61, 61, 31),
(62, 62, 32),
(63, 63, 30),
(64, 64, 30),
(65, 65, 6),
(66, 66, 8),
(67, 67, 8),
(68, 68, 33),
(69, 69, 7),
(70, 70, 28),
(71, 71, 34),
(72, 72, 35),
(73, 73, 34),
(74, 74, 34),
(75, 75, 35),
(76, 76, 8),
(77, 77, 15),
(78, 78, 31),
(79, 79, 31),
(80, 80, 6),
(81, 81, 22),
(82, 82, 33),
(83, 83, 27),
(84, 84, 16),
(85, 85, 8),
(86, 86, 10),
(87, 87, 28),
(88, 88, 28),
(89, 89, 36),
(90, 90, 10),
(91, 91, 37),
(92, 92, 31),
(93, 93, 31),
(94, 94, 31),
(95, 95, 31),
(96, 96, 23),
(97, 97, 38),
(98, 98, 38),
(99, 99, 11),
(100, 100, 16),
(101, 101, 23),
(102, 102, 27),
(103, 103, 7),
(104, 104, 12),
(105, 105, 27),
(106, 106, 31),
(107, 107, 10),
(108, 108, 6),
(109, 109, 19),
(110, 110, 18),
(111, 111, 6),
(112, 112, 11),
(113, 113, 10),
(114, 114, 10),
(115, 115, 27),
(116, 116, 8),
(117, 117, 10),
(118, 118, 33),
(119, 119, 27),
(120, 120, 27),
(121, 121, 8),
(122, 122, 23),
(123, 123, 23),
(124, 124, 8),
(125, 125, 24),
(126, 126, 27),
(127, 127, 39),
(128, 128, 28),
(129, 129, 27),
(130, 130, 21),
(131, 131, 21),
(132, 132, 21),
(133, 133, 28),
(134, 134, 28),
(135, 135, 14),
(136, 136, 13),
(137, 137, 30),
(138, 138, 22),
(139, 139, 40),
(140, 140, 40),
(141, 141, 40),
(142, 142, 19),
(143, 143, 28),
(144, 144, 28),
(145, 145, 10),
(146, 146, 10),
(147, 147, 37),
(148, 148, 31),
(149, 149, 8),
(150, 150, 6),
(151, 151, 8),
(152, 152, 8),
(153, 153, 8),
(154, 154, 16),
(155, 155, 32),
(156, 156, 32),
(157, 157, 8),
(158, 158, 19),
(159, 159, 19),
(160, 160, 41),
(161, 161, 42),
(162, 162, 23),
(163, 163, 16),
(164, 164, 16),
(165, 165, 10),
(166, 166, 10),
(167, 167, 10),
(168, 168, 8),
(169, 169, 8),
(170, 170, 15),
(171, 171, 23),
(172, 172, 28),
(173, 173, 11),
(174, 174, 23),
(175, 175, 34),
(176, 176, 28),
(177, 177, 43),
(178, 178, 28),
(179, 179, 23),
(180, 180, 28),
(181, 181, 28),
(182, 182, 28),
(183, 183, 23),
(184, 184, 15),
(185, 185, 11),
(186, 186, 34),
(188, 188, 16),
(189, 189, 33),
(190, 190, 9),
(191, 191, 30),
(192, 192, 44),
(193, 193, 14),
(194, 194, 27),
(195, 195, 44),
(196, 196, 45),
(197, 197, 30),
(198, 198, 15),
(199, 199, 24),
(200, 200, 10),
(201, 201, 12),
(202, 202, 28),
(203, 203, 28),
(204, 204, 39),
(205, 205, 32),
(206, 206, 18),
(207, 207, 19),
(208, 208, 46),
(209, 209, 13),
(210, 210, 7),
(211, 211, 27),
(212, 212, 6),
(213, 213, 46),
(214, 214, 6),
(215, 215, 27),
(216, 216, 19),
(217, 217, 19),
(218, 218, 18),
(219, 219, 18),
(220, 220, 12),
(221, 221, 34),
(222, 222, 13),
(223, 223, 13),
(224, 224, 18),
(225, 225, 19),
(226, 226, 19),
(227, 227, 19),
(228, 228, 11),
(229, 229, 27),
(230, 230, 47),
(231, 231, 31),
(232, 232, 18),
(233, 233, 48),
(234, 234, 25),
(235, 235, 48),
(236, 236, 48),
(237, 237, 49),
(238, 238, 11),
(239, 239, 50),
(240, 240, 32),
(241, 241, 34),
(242, 242, 9),
(243, 243, 11),
(244, 244, 11),
(245, 245, 31),
(246, 246, 50),
(247, 247, 9),
(248, 248, 50),
(249, 249, 13),
(250, 250, 24),
(251, 251, 19),
(252, 252, 34),
(253, 253, 51),
(254, 254, 34),
(255, 255, 19),
(256, 256, 19),
(257, 257, 7),
(258, 258, 46),
(259, 259, 19),
(260, 260, 19),
(261, 261, 31),
(262, 262, 13),
(263, 263, 12),
(264, 264, 31),
(265, 265, 30),
(266, 266, 24),
(267, 267, 46),
(268, 268, 19),
(269, 269, 13),
(270, 270, 44),
(271, 271, 30),
(272, 272, 9),
(273, 273, 19),
(274, 60, 6);

-- --------------------------------------------------------

--
-- Tabellenstruktur für Tabelle `levels`
--

CREATE TABLE IF NOT EXISTS `levels` (
  `level_ID` int(11) NOT NULL AUTO_INCREMENT,
  `name` varchar(100) NOT NULL,
  PRIMARY KEY (`level_ID`),
  UNIQUE KEY `name` (`name`)
) ENGINE=InnoDB  DEFAULT CHARSET=utf8 AUTO_INCREMENT=4 ;

--
-- Daten für Tabelle `levels`
--

INSERT INTO `levels` (`level_ID`, `name`) VALUES
(2, 'bachelor'),
(1, 'bachelor_basic'),
(3, 'master');

-- --------------------------------------------------------

--
-- Tabellenstruktur für Tabelle `messages`
--

CREATE TABLE IF NOT EXISTS `messages` (
  `message_id` int(100) NOT NULL AUTO_INCREMENT,
  `sender_id` int(100) NOT NULL,
  `receiver_id` int(100) NOT NULL,
  `message_type` varchar(100) NOT NULL,
  `area` varchar(100) NOT NULL,
  `object_id` int(11) NOT NULL,
  `comment_id` int(10) NOT NULL,
  `answer_required` int(100) NOT NULL,
  `comment` varchar(5000) NOT NULL,
  `time_stamp` varchar(100) NOT NULL,
  `read_last_id` int(10) NOT NULL,
  `read_last_time_stamp` text NOT NULL,
  `assigned_to_id` int(10) NOT NULL,
  `assigned_to_time_stamp` varchar(100) NOT NULL,
  `processed` int(10) NOT NULL,
  `processed_by_id` int(11) NOT NULL,
  `processed_comment` varchar(5000) NOT NULL,
  `processed_comment_for_admins` varchar(5000) NOT NULL,
  `processed_time_stamp` varchar(100) NOT NULL,
  PRIMARY KEY (`message_id`)
) ENGINE=InnoDB  DEFAULT CHARSET=utf8 AUTO_INCREMENT=56 ;

--
-- Daten für Tabelle `messages`
--

INSERT INTO `messages` (`message_id`, `sender_id`, `receiver_id`, `message_type`, `area`, `object_id`, `comment_id`, `answer_required`, `comment`, `time_stamp`, `read_last_id`, `read_last_time_stamp`, `assigned_to_id`, `assigned_to_time_stamp`, `processed`, `processed_by_id`, `processed_comment`, `processed_comment_for_admins`, `processed_time_stamp`) VALUES
(40, 24, -1, 'mistake', 'subject', 206, 0, 1, 'Finanzwissenschaft ist m.M.n. kein BWL- sondern ein VWL-Modul.\r\nDer Dozent Bader ist relativ sicher nicht beim AIFB, sondern von extern (pwc).\r\n', '2018-05-23 08:26:27', 2, '2018-05-23 22:38:26', 0, '', 1, 2, 'Finanzwissenschaft ist in der Tat ein VWL-Modul, jetzt auch im Studienführer. Der Dozent Bader ist zwar extern, aber bei der Uni gelistet und dann reicht das für uns (extern bilden wir nicht ab, weiß auch nicht, ob das sinnvoll ist). Das richtige Institut ist allerdings das ECON, nicht das AIFB; das ist auch berichtigt.', '', '2018-05-23 22:49:12'),
(41, -1, -1, 'mistake', 'lecturer', 0, 0, 0, '\r\n		Geltende Datenschutzgesetze verbieten, nicht mehr genutzte personenbezogene Daten weiterhin zu speichern. Darum ist es nötig, 1x jährlich zu prüfen, ob im Studienführer eingetragene Dozenten noch genutzt werden. <br>\r\n		Um zu sehen, welche Dozenten nicht mit Veranstaltungen im Studienführer verbunden sind, klicke bitte <a href="admin_deleteLecturerInstituteModule.php">hier</a> (Alternative: Admin-Bereich: "Daten bearbeiten" > "Dozenten/Institute/Module löschen").<br><br>\r\n		Bitte lösche Dozenten nur, wenn du dir sicher bist, dass sie tatsächlich nicht mehr benötigt werden.\r\n		<br><br>\r\n		Diese Nachricht wurde automatisch generiert.\r\n	', '2018-05-23 15:14:58', 2, '2018-05-23 15:15:16', 0, '', 1, 2, '', 'Erledigt.', '2018-05-23 15:15:27'),
(42, 23, -1, 'bug', '', 0, 0, 1, 'Habe Experimentelle Wirtschaftsforschung ins Suchfeld eingegeben, das richtige Ergebnis wurde auch angezeigt. Durch Klicken auf das Ergebnis wurde ich allerdings zur Start- und nicht zur Veranstaltungsseite weitergeleitet', '2018-05-23 18:31:50', 2, '2018-05-23 22:27:23', 2, '2018-05-23 22:27:17', 1, 2, 'Hier gabs einen Fehler bei der Eintragung in der Datenbank. Der Fehler wurde behoben!', 'Veranstaltung hatte keine Verknüpfungen und damit kein SQL-Ergebnis. Fix: Über Admin > Veranstaltung bearbeiten einfach nochmal eintragen', '2018-05-23 22:28:35'),
(43, 23, -1, 'mistake', 'subject', 547, 0, 1, 'Ich bin mir relativ sicher, dass ich mir kein Schweißpraktikum im VWL-Modul anrechnen lassen kann :D Vermutlich sollte diese Veranstaltung experimentelle Wirtschaftsforschung heißen.', '2018-05-23 18:34:13', 2, '2018-05-23 22:55:50', 0, '', 1, 2, 'Na Schweißen wäre doch auch mal was ;) Es gibt tatsächlich ein experimentelles Schweißpraktikum, jetzt auch in einem ING-Modul!', '', '2018-05-23 22:57:03'),
(44, 23, -1, 'question', '', 0, 0, 1, 'Ist es beabsichtigt, dass das Kommentarfeld bei der Veranstaltungsbewertung ein Pflichtfeld ist?', '2018-05-23 18:36:09', 2, '2018-05-23 22:57:12', 0, '', 1, 2, 'Ja. Scheint aber nicht nur dich zu irritieren; siehe E-Mail.', '', '2018-05-23 22:58:26'),
(45, 3, -1, 'bug', '', 0, 0, 1, 'Die Veranstaltung "TM 1" kann nicht über das Suchfeld aufgerufen werden, sondern nur über den Tree. ', '2018-05-27 17:35:18', 2, '2018-05-29 21:32:31', 0, '', 1, 2, 'Fehler nicht reproduzierbar. Was meinst du denn?', '', '2018-05-29 21:36:56'),
(46, 27, -1, 'bug', 'subject', 0, 0, 1, 'Wenn ich den Reiter OR (im Kernprogramm) öffnen möchte, dann erscheint bei mir nicht die blau hinterlegte Veranstaltung auf die ich klicken kann um sie zu bewerten.', '2018-05-27 22:05:28', 2, '2018-05-29 21:27:03', 0, '', 1, 2, 'Fehler behoben. Viel Spaß beim Bewerten!', 'Veranstaltung war noch nicht eingetragen.', '2018-05-29 21:32:01'),
(47, 34, -1, 'feedback', '', 0, 0, 0, 'Nachdem die Bewertung einer Vorlesung abgeschlossen ist, würde ich mir einen Button "Zurück zur Übersicht" (o.Ä.) wünschen, mit dem ich wieder auf die Startseite bzw. ins Vorlesungsverzeichnis springen kann. ', '2018-05-27 22:40:31', 2, '2018-06-07 14:46:43', 0, '', 0, 0, '', '', ''),
(48, 35, -1, 'mistake', 'subject', 234, 0, 1, 'Veranstaltung ist auch im Bachelor belegbar im Modul "Angewandte Mikroökonomie"', '2018-05-28 15:34:45', 2, '2018-05-29 10:53:02', 0, '', 1, 2, 'Bist du dir sicher? Im Modulhandbuch kommt die Veranstaltung da nicht vor: https://www.dropbox.com/s/o7r27tiylqexedc/angewandte%20mikro.PNG?dl=0', 'Nichts geändert.', '2018-05-29 11:00:39'),
(49, 9, -1, 'mistake', 'subject', 408, 0, 1, 'CAD Workshop kann auch im Bachelor Modul PLM belegt werden ', '2018-05-29 18:01:16', 2, '2018-05-29 23:15:23', 0, '', 1, 2, 'Erfolgreich geändert! Danke!', '', '2018-05-29 23:15:48'),
(50, 9, -1, 'feedback', '', 0, 0, 1, 'Ich habe nicht auf Anhieb gefunden, wie ich noch eine Bewertung abgeben kann, wenn eine Veranstaltung bereits bewertet wurde. Vielleicht kann man den Plus-Button noch präsenter auf der Seite und nicht unten rechts in der Ecke platzieren? Oder vielleicht mit "hier bewerten" beschriften? \r\nAnsonsten habt ihr echt super Arbeit geleistet :) ', '2018-05-29 18:10:21', 2, '2018-06-06 12:17:41', 0, '', 0, 0, '', '', ''),
(51, 36, -1, 'bug', '', 0, 0, 1, 'Zeilenumbrüche in Kommentaren werden nicht als Zeilenumbruch dargestellt. Evtl. ändern?', '2018-05-29 21:33:37', 2, '2018-05-30 16:52:26', 2, '2018-05-29 22:51:30', 1, 2, 'Geändert!', '', '2018-05-30 16:52:35'),
(53, 23, -1, 'bug', '', 0, 0, 1, 'Grüzi, \r\n\r\nwenn ich rechts oben neben Hallo Sven! das Menü nach unten aufklappen lasse, sind die Schrift und die zugehörigen Symbole nicht auf einer horizontalen Linie, sondern leicht versetzt. Der genutzte Browser ist Firefox.', '2018-05-31 19:14:08', 2, '2018-06-07 14:46:49', 0, '', 0, 0, '', '', ''),
(54, 23, -1, 'bug', '', 0, 0, 1, 'Als ich nach Mathematik 3 gesucht habe und dann unterhalb des Suchfelds auf das relevante Ergebnis geklickt habe, wurde ich wieder auf die Startseite geschickt, anstatt auf die Veranstaltungsseite', '2018-06-05 19:15:22', 2, '2018-06-06 12:14:51', 0, '', 1, 2, 'Fehler lag nicht in der Datenbank, sondern im Code und müsste jetzt behoben sein!', '', '2018-06-06 12:17:23'),
(55, 37, -1, 'feedback', '', 0, 0, 1, 'Wie lassen sich die Bewertungen interpretieren, wenn in den letzten 8 Jahren teilweise einige Profs gewechselt haben? Ich würde versuchen so weit wie möglich in den Infos zur VL den Zeitpunkt zu hinterlegen, seit dem ein bestimmter Prof diese Vorlesung macht. Dann noch ein Options-Button, mit dem man nur Bewertungen von Klausur-Terminen anzeigen kann, seitdem der betreffende Prof die VL hält. ', '2018-06-05 19:54:47', 2, '2018-06-07 14:46:45', 0, '', 0, 0, '', '', '');

-- --------------------------------------------------------

--
-- Tabellenstruktur für Tabelle `modules`
--

CREATE TABLE IF NOT EXISTS `modules` (
  `module_ID` int(10) NOT NULL AUTO_INCREMENT,
  `code` varchar(100) NOT NULL,
  `name` varchar(100) NOT NULL,
  `type` varchar(100) NOT NULL,
  `ects` int(10) NOT NULL,
  `user_ID` int(10) NOT NULL,
  `time_stamp` varchar(100) NOT NULL,
  `lastChangedBy_ID` int(100) NOT NULL,
  `time_stamp2` varchar(100) NOT NULL,
  PRIMARY KEY (`module_ID`)
) ENGINE=InnoDB  DEFAULT CHARSET=utf8 AUTO_INCREMENT=198 ;

--
-- Daten für Tabelle `modules`
--

INSERT INTO `modules` (`module_ID`, `code`, `name`, `type`, `ects`, `user_ID`, `time_stamp`, `lastChangedBy_ID`, `time_stamp2`) VALUES
(5, 'M-MACH-101303', 'Verbrennungsmotoren II', 'ING', 9, 0, '2017-11-09 20:30:16', 15, '2018-01-17 22:23:45'),
(6, 'M-MACH-101274', 'Bahnsystemtechnik', 'ING', 9, 0, '2017-11-09 20:43:18', 0, ''),
(7, 'M-BGU-101004', 'Grundlagen des Baubetriebs', 'ING', 9, 0, '2017-11-09 20:58:01', 0, ''),
(8, 'M-WIWI-101499', 'Angewandte Mikroökonomik', 'VWL', 9, 0, '2017-11-09 20:58:05', 0, ''),
(9, 'M-WIWI-101501', 'Wirtschaftstheorie', 'VWL', 9, 0, '2017-11-09 20:59:00', 0, ''),
(10, 'M-WIWI-101630', 'Wahlpflicht Informatik (Master)', 'INFO', 9, 0, '2017-11-09 20:59:23', 2, '2017-11-20 04:49:52'),
(11, 'M-WIWI-101423', 'Topics in Finance II', 'BWL', 9, 0, '2017-11-09 21:03:42', 0, ''),
(12, 'M-WIWI-101465', 'Topics in Finance I', 'BWL', 9, 0, '2017-11-09 21:04:16', 0, ''),
(14, 'M-WIWI-101467', 'Bauökologie', 'BWL', 9, 0, '2017-11-09 21:04:21', 0, ''),
(15, 'M-WIWI-101460', 'CRM und Servicemanagement', 'BWL', 9, 0, '2017-11-09 21:04:32', 0, ''),
(16, 'M-WIWI-101434', 'eBusiness und Service Management', 'BWL', 9, 0, '2017-11-09 21:04:48', 0, ''),
(17, 'M-WIWI-101402', 'eFinance', 'BWL', 9, 0, '2017-11-09 21:05:24', 0, ''),
(18, 'M-MACH-101264', 'Fahrzeugeigenschaften', 'ING', 9, 0, '2017-11-09 21:06:56', 15, '2018-01-17 21:04:02'),
(19, 'M-WIWI-101418', 'Einführung in das Operations Research', 'OR', 9, 0, '2017-11-09 21:07:30', 0, ''),
(21, 'M-WIWI-101464', 'Energiewirtschaft', 'BWL', 9, 0, '2017-11-09 21:13:07', 0, ''),
(22, 'M-WIWI-101494', 'Grundlagen BWL 1', 'BWL', 7, 0, '2017-11-09 21:13:12', 10, '2018-04-25 19:38:33'),
(24, 'M-WIWI-101403', 'Finanzwissenschaft', 'VWL', 9, 0, '2017-11-09 21:16:58', 2, '2018-05-23 22:34:19'),
(25, 'M-MACH-101265', 'Fahrzeugentwicklung', 'ING', 9, 0, '2017-11-09 21:17:46', 15, '2018-01-17 21:54:09'),
(26, 'M-WIWI-101399', 'Vertiefung Informatik (Bachelor)', 'INFO', 9, 0, '2017-11-09 21:18:59', 2, '2017-11-20 04:34:35'),
(27, 'M-WIWI-101426', 'Wahlpflicht Informatik (Bachelor)', 'INFO', 9, 0, '2017-11-09 21:19:59', 2, '2017-11-20 04:34:14'),
(28, 'M-WIWI-101628', 'Vertiefung Informatik (Master)', 'INFO', 9, 0, '2017-11-09 21:23:42', 2, '2017-11-20 03:57:50'),
(30, 'M-WIWI-101578', 'Grundlagen BWL 2', 'BWL', 8, 0, '2017-11-09 21:28:23', 0, ''),
(31, 'M-WIWI-101646', 'Einführung in Naturgefahren und Risikoanalysen 1', 'ING', 9, 0, '2017-11-09 21:28:54', 0, ''),
(32, 'M-WIWI-103278', 'Optimierung unter Unsicherheit', 'BWL', 9, 0, '2017-11-09 21:31:59', 0, ''),
(33, 'M-WIWI-101414', 'Methodische Grundlagen des OR', 'OR', 9, 0, '2017-11-09 21:32:52', 0, ''),
(34, 'M-WIWI-101424', 'Grundlagen des Marketing', 'BWL', 9, 0, '2017-11-09 21:34:04', 0, ''),
(35, 'M-MACH-101259', 'Technische Mechanik', 'ING', 3, 0, '2017-11-09 21:37:20', 0, ''),
(36, 'M-MACH-101270', 'Product Lifecycle Management', 'ING', 9, 0, '2017-11-09 21:39:12', 0, ''),
(37, 'M-INFO-101187', 'Recht Wahlpflicht', 'Sonstige', 9, 0, '2017-11-09 21:39:24', 0, ''),
(38, 'M-MACH-101276', 'Fertigungstechnik', 'ING', 9, 0, '2017-11-09 21:40:47', 0, ''),
(39, 'M-WIWI-101599', 'Statistik und Ökonometrie', 'Sonstige', 9, 0, '2017-11-09 21:43:41', 0, ''),
(40, 'M-WIWI-101839', 'Weiterführende ingenieurwissenschaftliche Grundlagen', 'ING', 9, 0, '2017-11-09 21:45:12', 0, ''),
(41, 'M-MACH-101287', 'Mikrosystemtechnik', 'ING', 9, 0, '2017-11-09 21:46:32', 15, '2018-01-17 21:41:42'),
(42, 'M-WIWI-101422', 'Vertiefung im Customer Relationship Management', 'BWL', 9, 0, '2017-11-09 21:51:20', 0, ''),
(44, 'M-WIWI-101435', 'Essentials of Finance', 'BWL', 9, 0, '2017-11-09 21:51:59', 0, ''),
(45, 'M-MACH-101261', 'Vertiefung ingenieurwissenschaftlicher Grundlagen', 'ING', 9, 0, '2017-11-09 21:53:50', 0, ''),
(46, 'M-WIWI-101668', 'Wirtschaftspolitik', 'VWL', 9, 0, '2017-11-09 21:57:02', 0, ''),
(47, 'M-MACH-101266', 'Fahrzeugtechnik', 'ING', 9, 0, '2017-11-09 21:57:13', 16, '2018-01-17 21:26:51'),
(48, 'M-MACH-101267', 'Mobile Arbeitsmaschinen', 'ING', 9, 0, '2017-11-09 21:58:11', 15, '2018-01-17 21:54:23'),
(49, 'M-BGU-102283', 'Einführung Spurgeführte Transportsysteme', 'ING', 9, 0, '2017-11-09 22:00:46', 0, ''),
(50, 'M-MACH-101269', 'Einführung in die Technische Logistik', 'ING', 9, 0, '2017-11-09 22:05:09', 0, ''),
(51, 'M-WIWI-102752', 'Fundamentals of Digital Service Systems', 'BWL', 9, 0, '2017-11-09 22:05:38', 0, ''),
(52, 'M-ETIT-101165', 'Energieerzeugung und Netzkomponenten', 'ING', 9, 0, '2017-11-09 22:16:15', 0, ''),
(53, 'M-MACH-101262', 'Vertiefung Werkstoffkunde', 'ING', 9, 0, '2017-11-09 22:20:11', 0, ''),
(54, 'M-WIWI-101648', 'Einführung in Naturgefahren und Risikoanalysen 2', 'ING', 9, 0, '2017-11-09 22:23:49', 0, ''),
(56, 'M-ETIT-102379', 'Elektrische Energienetze', 'ING', 9, 0, '2017-11-09 22:31:27', 0, ''),
(57, 'M-WIWI-101413', 'Anwendungen des Operations Research', 'OR', 9, 0, '2017-11-09 22:37:44', 0, ''),
(58, 'M-ETIT-101155', 'Elektrotechnik', 'ING', 3, 0, '2017-11-09 22:38:56', 0, ''),
(59, 'M-WIWI-101417', 'Grundlagen der Informatik', 'INFO', 10, 0, '2017-11-09 22:48:51', 0, ''),
(60, 'M-MACH-101284', 'Vertiefung der Produktionstechnik', 'ING', 9, 0, '2017-11-09 22:54:33', 10, '2018-01-17 21:12:43'),
(61, 'M-WIWI-101437', 'Industrielle Produktion I', 'BWL', 9, 0, '2017-11-09 22:58:04', 0, ''),
(62, 'M-MACH-101272', 'Integrierte Produktionsplanung', 'ING', 9, 0, '2017-11-09 22:59:09', 10, '2018-01-17 21:57:19'),
(63, 'M-MACH-101275', 'Verbrennungsmotoren I', 'ING', 9, 0, '2017-11-09 22:59:24', 15, '2018-01-17 22:23:30'),
(64, 'M-WIWI-101421', 'Supply Chain Management', 'BWL', 9, 0, '2017-11-09 23:00:33', 0, ''),
(65, 'M-WIWI-101436', 'Risk and Insurance Management', 'BWL', 9, 0, '2017-11-09 23:05:46', 0, ''),
(66, 'M-WIWI-101498', 'Controlling (Management Accounting)', 'BWL', 9, 0, '2017-11-09 23:07:55', 16, '2018-01-17 21:29:49'),
(67, 'M-WIWI-101400', 'Stochastische Methoden und Simulation', 'OR', 9, 0, '2017-11-09 23:17:52', 0, ''),
(68, 'M-WIWI-101513', 'Personal und Organisation', 'BWL', 9, 0, '2017-11-09 23:28:09', 0, ''),
(69, 'M-WIWI-101425', 'Strategie und Organisation', 'BWL', 9, 0, '2017-11-09 23:39:29', 0, ''),
(70, 'M-WIWI-101466', 'Real Estate Management', 'BWL', 9, 0, '2017-11-09 23:43:39', 0, ''),
(71, 'M-MATH-101676', 'Mathematik', 'Sonstige', 21, 0, '2017-11-09 23:51:34', 0, ''),
(72, 'M-WIWI-102753', 'Machine Learning for Finance and Data Science', 'BWL', 9, 0, '2017-11-10 00:04:30', 0, ''),
(73, 'M-BGU-101067', 'Mobilität und Infrastruktur', 'ING', 9, 0, '2017-11-10 00:08:39', 0, ''),
(74, 'T-ETIT-100699', 'Regelungstechnik', 'ING', 9, 0, '2017-11-10 00:13:32', 0, ''),
(75, 'M-GEISTSOZ-101167', 'Soziologie/Empirische Sozialforschung', 'Sonstige', 9, 0, '2017-11-10 00:14:41', 0, ''),
(76, 'M-WIWI-101581', 'Einführung in die Programmierung', 'INFO', 5, 0, '2017-11-10 00:18:08', 0, ''),
(77, 'M-WIWI-101432', 'Einführung in die Statistik', 'Sonstige', 10, 0, '2017-11-10 00:30:39', 0, ''),
(78, 'M-MACH-101260', 'Werkstoffkunde', 'ING', 3, 0, '2017-11-10 00:42:29', 0, ''),
(79, 'M-MACH-101286', 'Werkzeugmaschinen und Handhabungstechnik', 'ING', 9, 0, '2017-11-10 00:48:15', 0, ''),
(80, 'M-WIWI-101398', 'Einführung in die Volkswirtschaftslehre', 'VWL', 10, 0, '2017-11-10 00:54:37', 0, ''),
(81, 'M-WIWI-101472', 'Informatik', 'INFO', 9, 0, '2017-11-20 04:38:37', 0, ''),
(82, 'M-WIWI-101489', 'Strategie, Kommunikation und Datenanalyse', 'BWL', 9, 0, '2018-01-17 19:51:11', 0, ''),
(83, 'M-WIWI-101500', 'Microeconomic Theory', 'VWL', 9, 0, '2018-01-17 20:31:22', 17, '2018-01-17 20:35:10'),
(84, 'M-WIWI-101502', 'Ökonomische Theorie und ihre Anwendung in Finance', 'VWL', 9, 0, '2018-01-17 20:32:20', 17, '2018-01-17 20:35:25'),
(85, 'M-MACH-101281', 'Virtual Engineering B', 'ING', 9, 0, '2018-01-17 20:33:58', 0, ''),
(86, 'M-WIWI-101453', 'Angewandte strategische Entscheidungen', 'VWL', 9, 0, '2018-01-17 20:34:28', 0, ''),
(88, 'M-BGU-101112', 'Technik Spurgeführte Transportsysteme', 'ING', 9, 0, '2018-01-17 20:35:35', 0, ''),
(89, 'M-BGU-101111', 'Betrieb im Öffentlichen Verkehr', 'ING', 9, 0, '2018-01-17 20:36:32', 0, ''),
(90, 'M-WIWI-101510', 'Cross-functional Management Accounting', 'BWL', 9, 0, '2018-01-17 20:37:13', 0, ''),
(91, 'M-WIWI-101406', 'Netzwerkökonomie', 'VWL', 9, 0, '2018-01-17 20:39:52', 0, ''),
(92, 'M-WIWI-101487', 'Sales Management', 'BWL', 9, 0, '2018-01-17 20:40:49', 0, ''),
(93, 'M-WIWI-101497', 'Agglomeration und Innovation', 'VWL', 9, 0, '2018-01-17 20:41:07', 0, ''),
(94, 'M-BGU-101113', 'Verkehrsprojekt im Öffentlichen Verkehr', 'ING', 9, 0, '2018-01-17 20:41:25', 0, ''),
(95, 'M-WIWI-101649', 'Services Marketing', 'BWL', 9, 0, '2018-01-17 20:42:33', 0, ''),
(97, 'M-WIWI-101638', 'Ökonometrie und Statistik I', 'Sonstige', 9, 0, '2018-01-17 20:48:13', 0, ''),
(98, 'M-BGU-101000', 'Umweltmanagement', 'ING', 9, 0, '2018-01-17 20:48:33', 0, ''),
(99, 'M-WIWI-101483', 'Finance 2', 'BWL', 9, 0, '2018-01-17 20:48:54', 15, '2018-01-17 21:18:46'),
(100, 'M-ETIT-101164', 'Erzeugung und Übertragung regenerativer Energie', 'ING', 9, 0, '2018-01-17 20:49:24', 0, ''),
(101, 'M-MACH-101290', 'BioMEMS', 'ING', 9, 0, '2018-01-17 20:49:27', 0, ''),
(102, 'M-WIWI-101639', 'Ökonometrie und Statistik II', 'Sonstige', 9, 0, '2018-01-17 20:49:38', 0, ''),
(103, 'M-WIWI-101415', 'Operations Research im Supply Chain Management und Health Care Management', 'BWL', 9, 0, '2018-01-17 20:51:08', 0, ''),
(104, 'M-WIWI-101482', 'Finance 1', 'BWL', 9, 0, '2018-01-17 20:51:28', 0, ''),
(105, 'M-WIWI-102805', 'Service Operations', 'OR', 9, 0, '2018-01-17 20:51:40', 0, ''),
(106, 'M-WIWI-101480', 'Finance 3', 'BWL', 9, 0, '2018-01-17 20:51:44', 15, '2018-01-17 21:20:10'),
(107, 'M-ETIT-101163', 'Hochspannungstechnik', 'ING', 9, 0, '2018-01-17 20:52:12', 0, ''),
(108, 'M-BGU-101888', 'Projektmanagement im Bauwesen', 'ING', 9, 0, '2018-01-17 20:53:02', 0, ''),
(109, 'M-WIWI-101473', 'Mathematische Optimierung', 'OR', 9, 0, '2018-01-17 20:53:06', 0, ''),
(110, 'M-BGU-101884', 'Lean Management im Bauwesen', 'ING', 9, 0, '2018-01-17 20:53:27', 0, ''),
(111, 'M-WIWI-103289', 'Stochastische Optimierung', 'OR', 9, 0, '2018-01-17 20:54:02', 0, ''),
(112, 'M-WIWI-101507', 'Innovationsmanagement', 'VWL', 9, 0, '2018-01-17 20:54:25', 10, '2018-01-17 21:43:02'),
(113, 'M-WIWI-102808', 'Digital Service Systems in Industry', 'BWL', 9, 0, '2018-01-17 20:54:56', 0, ''),
(114, 'M-WIWI-102832', 'Operations Research im Supply Chain Management', 'OR', 9, 0, '2018-01-17 20:55:10', 0, ''),
(115, 'M-INFO-101242', 'Governance, Risk & Compliance', 'Sonstige', 9, 0, '2018-01-17 20:56:44', 10, '2018-01-17 22:42:41'),
(116, 'M-MACH-101268', 'Spezielle Werkstoffkunde', 'ING', 9, 0, '2018-01-17 20:57:24', 2, '2018-05-23 22:55:21'),
(117, 'M-INFO-101217', 'Öffentliches Wirtschaftsrecht', 'Sonstige', 9, 0, '2018-01-17 20:57:58', 0, ''),
(118, 'M-WIWI-103123', 'Quantitative Valuation', 'BWL', 9, 0, '2018-01-17 20:58:03', 0, ''),
(119, 'M-WIWI-103122', 'Quantitative Risk Management', 'BWL', 9, 0, '2018-01-17 20:58:35', 0, ''),
(120, 'M-WIWI-101508', 'Immobilienwirtschaft und Nachhaltigkeit', 'BWL', 9, 0, '2018-01-17 20:59:12', 0, ''),
(121, 'M-WIWI-101471', 'Industrielle Produktion II', 'BWL', 9, 0, '2018-01-17 21:01:04', 0, ''),
(122, 'M-MACH-101291', 'Mikrofertigung', 'ING', 9, 0, '2018-01-17 21:01:12', 0, ''),
(123, 'M-MACH-101263', 'Einführung in die Logistik', 'ING', 9, 0, '2018-01-17 21:03:27', 0, ''),
(124, 'M-WIWI-101505', 'Experimentelle Wirtschaftsforschung', 'VWL', 9, 0, '2018-01-17 21:03:42', 0, ''),
(125, 'M-BGU-100998', 'Entwurf, Bau, Betrieb und Erhaltung von Straßen', 'ING', 9, 0, '2018-01-17 21:03:48', 0, ''),
(126, 'M-MACH-101279', 'Technische Logistik', 'ING', 9, 0, '2018-01-17 21:03:54', 0, ''),
(127, 'M-WIWI-101488', 'Entrepreneurship (EnTechnon)', 'BWL', 9, 0, '2018-01-17 21:04:01', 0, ''),
(128, 'M-MACH-101295', 'Optoelektronik und Optische Kommunikationstechnik', 'ING', 9, 0, '2018-01-17 21:05:22', 0, ''),
(129, 'M-WIWI-102806', 'Service Innovation, Design', 'BWL', 9, 0, '2018-01-17 21:06:13', 0, ''),
(130, 'M-WIWI-101506', 'Service Analytics', 'BWL', 9, 0, '2018-01-17 21:07:21', 0, ''),
(131, 'M-BGU-101065', 'Verkehrsmodellierung und Verkehrsmanagement', 'ING', 9, 0, '2018-01-17 21:07:25', 0, ''),
(132, 'M-WIWI-101410', 'Business & Service Engineering', 'BWL', 9, 0, '2018-01-17 21:07:36', 15, '2018-01-17 21:09:19'),
(133, 'M-WIWI-101446', 'Market Engineering', 'BWL', 9, 0, '2018-01-17 21:08:37', 0, ''),
(134, 'M-WIWI-101448', 'Service Management', 'BWL', 9, 0, '2018-01-17 21:08:50', 0, ''),
(135, 'M-WIWI-103261', 'Disruptive Finanz-technologische Innovationen', 'BWL', 9, 0, '2018-01-17 21:08:59', 0, ''),
(136, 'M-BGU-100999', 'Straßenwesen', 'ING', 9, 0, '2018-01-17 21:09:17', 0, ''),
(137, 'M-INFO-101216', 'Recht der Wirtschaftsunternehmen', 'Sonstige', 9, 0, '2018-01-17 21:10:28', 0, ''),
(138, 'M-MACH-101283', 'Virtual Engineering A', 'ING', 9, 0, '2018-01-17 21:11:14', 0, ''),
(139, 'M-WIWI-103120', 'Financial Economics', 'BWL', 9, 0, '2018-01-17 21:11:54', 0, ''),
(140, 'M-MACH-101292', 'Mikrooptik', 'ING', 9, 0, '2018-01-17 21:13:02', 0, ''),
(141, 'M-WIWI-101512', 'Computational Finance', 'BWL', 9, 0, '2018-01-17 21:13:07', 0, ''),
(142, 'M-WIWI-103121', 'Financial Technology for Risk and Asset Management', 'BWL', 9, 0, '2018-01-17 21:13:48', 0, ''),
(143, 'M-WIWI-103247', 'Intelligente Risiko- und Investitionsberatung', 'BWL', 9, 0, '2018-01-17 21:15:40', 0, ''),
(144, 'M-MACH-101294	', 'Nanotechnologie', 'ING', 9, 0, '2018-01-17 21:16:52', 0, ''),
(145, 'M-WIWI-103200', 'Designing Interactive Systems', 'BWL', 9, 0, '2018-01-17 21:17:34', 0, ''),
(146, 'M-WIWI-101490', 'Marketing Management', 'BWL', 9, 0, '2018-01-17 21:17:51', 0, ''),
(147, 'M-MACH-101277', 'Materialfluss in Logistiksystemen', 'ING', 9, 0, '2018-01-17 21:18:43', 0, ''),
(148, 'M-MACH-101280', 'Logistik in Wertschöpfungsnetzwerken', 'ING', 9, 0, '2018-01-17 21:19:38', 0, ''),
(149, 'M-MACH-101278', 'Materialfluss in vernetzten Logistiksystemen', 'ING', 9, 0, '2018-01-17 21:20:26', 0, ''),
(150, 'M-WIWI-102754', 'Service Economics and Management', 'BWL', 9, 0, '2018-01-17 21:21:09', 0, ''),
(151, 'M-BGU-101064', 'Grundlagen des Verkehrswesens', 'ING', 9, 0, '2018-01-17 21:21:23', 0, ''),
(152, 'M-MACH-101298', 'Automatisierte Produktionsanlagen', 'ING', 9, 0, '2018-01-17 21:24:35', 0, ''),
(153, 'M-ETIT-101157', 'Regelungstechnik II', 'ING', 9, 0, '2018-01-17 21:26:04', 0, ''),
(154, 'M-MACH-101282', 'Globale Produktion und Logistik', 'ING', 9, 0, '2018-01-17 21:27:27', 0, ''),
(155, 'M-WIWI-101451', 'Energiewirtschaft und Energiemärkte', 'BWL', 9, 0, '2018-01-17 21:30:22', 0, ''),
(156, 'M-WIWI-103117', 'Data Science: Data-Driven Information Systems', 'BWL', 9, 0, '2018-01-17 21:30:53', 0, ''),
(157, 'M-BGU-101066', 'Sicherheit, EDV und Recht im Straßenwesen', 'ING', 9, 0, '2018-01-17 21:32:04', 0, ''),
(158, 'M-WIWI-101449', 'Insurance Management II', 'BWL', 9, 0, '2018-01-17 21:33:00', 0, ''),
(159, 'M-WIWI-101469', 'Insurance Management I', 'BWL', 9, 0, '2018-01-17 21:33:32', 0, ''),
(160, 'M-INFO-101215', 'Recht des Geistigen Eigentums', 'INFO', 9, 0, '2018-01-17 21:33:34', 0, ''),
(161, 'M-WIWI-101470', 'Data Science: Advanced CRM', 'BWL', 9, 0, '2018-01-17 21:34:27', 0, ''),
(162, 'M-WIWI-101411', 'Information Engineering', 'BWL', 9, 0, '2018-01-17 21:35:19', 0, ''),
(163, 'M-WIWI-101409', 'Electronic Markets', 'BWL', 9, 0, '2018-01-17 21:36:00', 0, ''),
(164, 'M-WIWI-101452', 'Energiewirtschaft und Technologie', 'BWL', 9, 0, '2018-01-17 21:37:25', 0, ''),
(165, 'M-WIWI-101647', 'Data Science: Evidence-based Marketing', 'BWL', 9, 0, '2018-01-17 21:37:59', 0, ''),
(166, 'M-WIWI-101514', 'Innovationsökonomik', 'VWL', 9, 0, '2018-01-17 21:39:46', 0, ''),
(167, 'M-WIWI-103118', 'Data Science: Data-Driven User Modeling', 'BWL', 9, 0, '2018-01-17 21:39:55', 0, ''),
(168, 'M-WIWI-101478', 'Innovation und Wachstum', 'VWL', 9, 0, '2018-01-17 21:40:30', 0, ''),
(169, 'M-WIWI-101481', 'Wirtschaftspolitik II', 'VWL', 9, 0, '2018-01-17 21:41:22', 0, ''),
(170, 'M-BGU-101110', 'Verfahrenstechnik im Baubetrieb', 'ING', 9, 0, '2018-01-17 21:42:41', 0, ''),
(171, 'M-WIWI-101509', 'Führungsentscheidungen und Organisation', 'BWL', 9, 0, '2018-01-17 21:43:18', 0, ''),
(172, 'M-WIWI-101454', 'Stochastische Modellierung und Optimierung', 'OR', 9, 0, '2018-01-17 21:44:15', 0, ''),
(173, 'M-WIWI-101450', 'Strategische Unternehmensführung und Organisation', 'BWL', 9, 0, '2018-01-17 21:44:37', 0, ''),
(174, 'M-WIWI-101511', 'Vertiefung Finanzwissenschaft', 'VWL', 9, 0, '2018-01-17 21:50:33', 0, ''),
(175, 'M-WIWI-101642', 'Naturgefahren und Risikomanagement 1', 'ING', 9, 0, '2018-01-17 21:51:07', 0, ''),
(176, 'M-WIWI-101644', 'Naturgefahren und Risikomanagement 2', 'ING', 9, 0, '2018-01-17 21:51:37', 0, ''),
(177, 'M-CIWVT-101120', 'Grundlagen Lebensmittelverfahrenstechnik', 'ING', 9, 0, '2018-01-17 21:52:28', 0, ''),
(178, 'M-WIWI-101412', 'Industrielle Produktion III', 'BWL', 9, 0, '2018-01-17 21:53:59', 0, ''),
(179, 'M-WIWI-101637', 'Analytics und Statistik', 'Sonstige', 9, 0, '2018-01-17 21:55:32', 0, ''),
(180, 'M-BGU-103308', 'Environmental Management (Umweltmanagement)', 'ING', 9, 0, '2018-01-17 22:00:34', 0, ''),
(181, 'M-WIWI-101462', 'Makroökonomische Theorie', 'VWL', 9, 0, '2018-01-17 22:03:28', 0, ''),
(182, 'M-WIWI-101496', 'Wachstum und Agglomeration', 'VWL', 9, 0, '2018-01-17 22:06:07', 0, ''),
(183, 'M-BGU-101001', 'Water Supply and Sanitation (Wasserver- und entsorgung)', 'ING', 9, 0, '2018-01-17 22:12:22', 15, '2018-01-17 22:13:24'),
(184, 'M-MACH-101296', 'Energie- und Prozesstechnik I', 'ING', 9, 0, '2018-01-17 22:23:33', 0, ''),
(185, 'M-WIWI-101468', 'Umwelt- und Ressourcenökonomie', 'VWL', 9, 0, '2018-01-17 22:25:42', 0, ''),
(186, 'M-CIWVT-101121', 'Wasserchemie und Wassertechnologie I', 'ING', 9, 0, '2018-01-17 22:27:58', 0, ''),
(187, 'M-GEISTSOZ-101169', 'Soziologie', 'Sonstige', 9, 0, '2018-01-17 22:28:26', 0, ''),
(188, 'M-CIWVT-101122', 'Wasserchemie und Wassertechnologie II', 'ING', 9, 0, '2018-01-17 22:33:00', 0, ''),
(189, 'M-CIWVT-101119', 'Vertiefung Lebensmittelverfahrenstechnik', 'ING', 9, 0, '2018-01-17 22:34:28', 0, ''),
(190, 'M-WIWI-101504', 'Collective Decision Making', 'VWL', 9, 0, '2018-01-17 22:35:02', 0, ''),
(191, 'M-WIWI-101485', 'Verkehrsinfrastrukturpolitik und regionale Entwicklung', 'VWL', 9, 0, '2018-01-17 22:36:34', 0, ''),
(192, 'M-ETIT-101158', 'Sensorik I', 'ING', 9, 0, '2018-01-17 22:38:12', 0, ''),
(193, 'M-ETIT-101159', 'Sensorik II', 'ING', 9, 0, '2018-01-17 22:38:50', 0, ''),
(194, 'M-WIWI-103119', 'Strategie und Management: Fortgeschrittene Themen', 'BWL', 9, 0, '2018-01-17 22:40:58', 0, ''),
(195, 'M-WIWI-103720', 'eEnergy: Markets, Services and Systems', 'BWL', 9, 0, '2018-01-17 22:43:04', 14, '2018-01-17 22:48:45'),
(196, 'M-INFO-101191', 'Wirtschaftsprivatrecht', 'Sonstige', 9, 0, '2018-01-17 22:52:17', 0, ''),
(197, 'M-WIWI-101503', 'Service Design Thinking', 'BWL', 9, 0, '2018-01-17 22:53:01', 0, '');

-- --------------------------------------------------------

--
-- Tabellenstruktur für Tabelle `modules_levels`
--

CREATE TABLE IF NOT EXISTS `modules_levels` (
  `ID` int(10) NOT NULL AUTO_INCREMENT,
  `module_ID` int(100) NOT NULL,
  `level_ID` int(100) NOT NULL,
  PRIMARY KEY (`ID`)
) ENGINE=InnoDB  DEFAULT CHARSET=utf8 AUTO_INCREMENT=243 ;

--
-- Daten für Tabelle `modules_levels`
--

INSERT INTO `modules_levels` (`ID`, `module_ID`, `level_ID`) VALUES
(8, 6, 2),
(9, 7, 2),
(10, 8, 2),
(11, 9, 2),
(13, 11, 2),
(14, 12, 2),
(15, 12, 2),
(16, 14, 2),
(17, 15, 2),
(18, 16, 2),
(19, 17, 2),
(21, 19, 1),
(23, 21, 2),
(25, 23, 1),
(31, 29, 2),
(32, 30, 1),
(33, 31, 2),
(34, 32, 2),
(35, 33, 2),
(36, 34, 2),
(37, 35, 1),
(38, 36, 2),
(39, 37, 2),
(40, 38, 2),
(41, 39, 2),
(42, 40, 2),
(44, 42, 2),
(45, 43, 2),
(46, 44, 2),
(47, 45, 2),
(48, 46, 2),
(51, 49, 2),
(52, 50, 2),
(53, 51, 2),
(54, 52, 2),
(55, 53, 2),
(56, 54, 2),
(58, 56, 2),
(59, 57, 2),
(60, 58, 1),
(61, 59, 1),
(63, 61, 2),
(66, 64, 2),
(67, 65, 2),
(69, 67, 2),
(70, 68, 2),
(71, 69, 2),
(72, 70, 2),
(73, 71, 1),
(74, 72, 2),
(75, 73, 2),
(76, 74, 2),
(77, 75, 2),
(78, 76, 1),
(79, 77, 1),
(80, 78, 1),
(81, 79, 2),
(82, 80, 1),
(84, 28, 3),
(85, 27, 2),
(86, 26, 2),
(88, 81, 3),
(89, 10, 3),
(90, 82, 3),
(93, 85, 3),
(94, 86, 3),
(96, 20, 2),
(97, 20, 3),
(98, 83, 3),
(99, 84, 3),
(100, 88, 3),
(103, 89, 3),
(104, 90, 3),
(105, 91, 3),
(106, 92, 3),
(107, 93, 3),
(108, 94, 3),
(109, 95, 3),
(110, 96, 2),
(111, 97, 3),
(112, 98, 3),
(114, 100, 3),
(115, 101, 3),
(116, 102, 3),
(117, 103, 3),
(118, 104, 3),
(119, 105, 3),
(121, 107, 3),
(122, 108, 3),
(123, 109, 3),
(124, 110, 3),
(125, 111, 3),
(127, 113, 3),
(128, 114, 3),
(131, 117, 3),
(132, 118, 3),
(133, 119, 3),
(134, 120, 3),
(135, 121, 3),
(136, 122, 3),
(137, 123, 3),
(138, 124, 3),
(139, 125, 3),
(140, 126, 3),
(141, 127, 3),
(142, 18, 2),
(143, 18, 3),
(144, 128, 3),
(145, 129, 3),
(146, 130, 3),
(147, 131, 3),
(149, 133, 3),
(150, 134, 3),
(151, 135, 3),
(152, 136, 3),
(153, 132, 3),
(154, 137, 3),
(155, 138, 3),
(156, 139, 3),
(157, 60, 2),
(158, 60, 3),
(159, 140, 3),
(160, 141, 3),
(161, 142, 3),
(162, 143, 3),
(163, 144, 3),
(164, 145, 3),
(165, 146, 3),
(166, 147, 3),
(167, 99, 2),
(168, 99, 3),
(169, 148, 3),
(170, 106, 3),
(171, 149, 3),
(172, 150, 3),
(173, 151, 3),
(174, 152, 3),
(175, 153, 3),
(176, 47, 2),
(177, 47, 3),
(178, 154, 3),
(179, 66, 2),
(180, 66, 3),
(181, 155, 3),
(182, 156, 3),
(183, 157, 3),
(184, 158, 3),
(185, 159, 3),
(186, 160, 3),
(187, 161, 3),
(188, 162, 3),
(189, 163, 3),
(190, 164, 3),
(191, 165, 3),
(192, 166, 3),
(193, 167, 3),
(194, 168, 3),
(195, 169, 3),
(196, 41, 2),
(197, 41, 3),
(198, 170, 3),
(199, 112, 3),
(200, 171, 3),
(201, 172, 3),
(202, 173, 3),
(203, 174, 3),
(204, 175, 3),
(205, 176, 3),
(206, 177, 3),
(207, 178, 3),
(208, 25, 2),
(209, 25, 3),
(210, 48, 2),
(211, 48, 3),
(212, 179, 3),
(213, 62, 2),
(214, 62, 3),
(215, 180, 3),
(216, 181, 3),
(217, 182, 3),
(219, 183, 3),
(220, 63, 2),
(221, 63, 3),
(222, 184, 3),
(223, 5, 2),
(224, 5, 3),
(225, 185, 3),
(226, 186, 3),
(227, 187, 3),
(228, 188, 3),
(229, 189, 3),
(230, 190, 3),
(231, 191, 3),
(232, 192, 3),
(233, 193, 3),
(234, 194, 3),
(235, 115, 3),
(237, 195, 3),
(238, 196, 3),
(239, 197, 3),
(240, 22, 1),
(241, 24, 2),
(242, 116, 3);

-- --------------------------------------------------------

--
-- Tabellenstruktur für Tabelle `moduletypes`
--

CREATE TABLE IF NOT EXISTS `moduletypes` (
  `module_type_ID` int(100) NOT NULL AUTO_INCREMENT,
  `name` varchar(100) NOT NULL,
  PRIMARY KEY (`module_type_ID`)
) ENGINE=InnoDB  DEFAULT CHARSET=utf8 AUTO_INCREMENT=7 ;

--
-- Daten für Tabelle `moduletypes`
--

INSERT INTO `moduletypes` (`module_type_ID`, `name`) VALUES
(1, 'BWL'),
(2, 'VWL'),
(3, 'INFO'),
(4, 'OR'),
(5, 'ING'),
(6, 'Sonstige');

-- --------------------------------------------------------

--
-- Tabellenstruktur für Tabelle `notes`
--

CREATE TABLE IF NOT EXISTS `notes` (
  `name` varchar(100) COLLATE latin1_german2_ci NOT NULL,
  `content` varchar(1000) COLLATE latin1_german2_ci NOT NULL,
  `color` varchar(100) COLLATE latin1_german2_ci NOT NULL,
  PRIMARY KEY (`name`)
) ENGINE=MyISAM DEFAULT CHARSET=latin1 COLLATE=latin1_german2_ci;

--
-- Daten für Tabelle `notes`
--

INSERT INTO `notes` (`name`, `content`, `color`) VALUES
('noteLeft', '<h4>Studienführer noch nicht mobil</h4>\n<p>Der Studienführer wurde als Desktop-Anwendung entwickelt, sodass bei mobiler Nutzung Design-Fehler auftreten können.<br><br>Die Anpassung an mobile Geräte ist geplant.<p>', 'blue'),
('noteMiddle', '<h4>Bugs und Fehler</h4>\n<p>Bugs und Vorschläge für neue/erweiterte Funktionen über "Kontakt" in der Navigationsleiste loswerden.<br><br>\nInhaltiche Fehler selbst beheben (falls Admin-Rechte vorhanden), sonst auch über "Kontakt".<p>', 'white'),
('noteRight', '<h3>Hochschulgruppen-Ranking</h3>\n<h4>Wer hat am fleißigsten bewertet?</h4>\n<a href="hsg_ranking.php" class="btn noRatingButton">Liste zeigen</a>', 'orange');

-- --------------------------------------------------------

--
-- Tabellenstruktur für Tabelle `questions`
--

CREATE TABLE IF NOT EXISTS `questions` (
  `ID` int(100) NOT NULL AUTO_INCREMENT,
  `subject_ID` int(100) NOT NULL,
  `user_ID` int(100) NOT NULL,
  `question` varchar(5000) COLLATE latin1_german2_ci NOT NULL,
  `time_stamp` varchar(100) COLLATE latin1_german2_ci NOT NULL,
  PRIMARY KEY (`ID`)
) ENGINE=MyISAM  DEFAULT CHARSET=latin1 COLLATE=latin1_german2_ci AUTO_INCREMENT=19 ;

--
-- Daten für Tabelle `questions`
--

INSERT INTO `questions` (`ID`, `subject_ID`, `user_ID`, `question`, `time_stamp`) VALUES
(18, 514, 2, 'In der Übung wird mit SPSS gearbeitet. Ist das auch für die Prüfung relevant?', '2018-06-04 15:18:56'),
(17, 120, 2, 'Wie sieht die Klausur aus, muss man eher theoretisch Folieninhalte wiedergeben oder diese in einem Case anwenden?', '2018-06-04 15:17:55');

-- --------------------------------------------------------

--
-- Tabellenstruktur für Tabelle `ratings`
--

CREATE TABLE IF NOT EXISTS `ratings` (
  `ID` int(11) NOT NULL AUTO_INCREMENT,
  `subject_ID` int(100) NOT NULL,
  `lecture0` int(100) NOT NULL,
  `lecture1` int(100) NOT NULL,
  `lecture2` int(100) NOT NULL,
  `examType` varchar(100) NOT NULL,
  `exam0` int(100) NOT NULL,
  `exam1` int(100) NOT NULL,
  `exam2` int(100) NOT NULL,
  `exam3` int(100) NOT NULL,
  `examText` varchar(2500) NOT NULL,
  `examSemester` varchar(100) NOT NULL,
  `general0` int(100) NOT NULL,
  `recommendation` tinyint(1) NOT NULL,
  `comment` varchar(2500) NOT NULL,
  `comment_rating` int(100) NOT NULL,
  `user_ID` int(10) NOT NULL,
  `time_stamp` varchar(100) NOT NULL,
  `time_stamp_change` varchar(100) NOT NULL,
  PRIMARY KEY (`ID`)
) ENGINE=InnoDB  DEFAULT CHARSET=utf8 AUTO_INCREMENT=273 ;

--
-- Daten für Tabelle `ratings`
--

INSERT INTO `ratings` (`ID`, `subject_ID`, `lecture0`, `lecture1`, `lecture2`, `examType`, `exam0`, `exam1`, `exam2`, `exam3`, `examText`, `examSemester`, `general0`, `recommendation`, `comment`, `comment_rating`, `user_ID`, `time_stamp`, `time_stamp_change`) VALUES
(30, 118, 0, 1, -1, 'written', 1, 3, 0, 2, '', 'ws15-16', 8, 1, 'Vorlesung ist in Teilen interaktiv, manchmal auch etwas langatmig. Insgesamt wohl nice to have, sonst aber auch nicht schlimm.\nDer Bonus ist übertrieben viel Aufwand, allerdings lernt man dabei wenigstens was Brauchbares (war damals in Excel gestellt).', 0, 24, '2018-05-23 08:20:57', ''),
(31, 140, -3, 0, -1, 'written', -2, 0, -1, 0, '', 'ss15', 6, 1, 'Wunderbar ohne Vorlesung zu machen, auch wenn die Folien lückenhaft sind. Am besten wohl mit Lernpartnern durchsprechen und die grundlegenden Frameworks verstehen, Geraden verschieben können etc. ', 0, 24, '2018-05-23 08:23:48', ''),
(32, 206, -3, 0, 1, 'written', -2, 0, -2, 2, '', 'ss15', 7, 1, 'Super ohne Vorlesung machbar. Die Vorlesung selbst wird am Ende auf 60-80 Folien Zusammenfassung eingedampft, DIE sind wichtig.', 0, 24, '2018-05-23 08:27:52', ''),
(33, 442, -2, 1, -1, 'written', 1, -2, 1, 3, '', 'ws17-18', 6, 1, 'Sehr viel Stoff, hoher Zeitdruck in der Klausur, aber sehr fair bewertet. Wird von verschiedenen Dozenten gehalten, Folien haben daher keine einheitliche Struktur.', 0, 23, '2018-05-23 18:30:09', ''),
(34, 120, 1, 2, 3, 'written', -2, -1, -1, 3, '', 'ss17', 9, 1, '', 0, 23, '2018-05-23 18:35:37', '2018-05-23 18:35:37'),
(35, 380, 1, 3, 1, 'written', -1, 1, 0, 2, '', 'ws17-18', 9, 1, 'Bester Dozent!', 0, 23, '2018-05-23 18:36:57', ''),
(36, 433, -3, 0, 3, 'written', -2, 1, -1, 3, '', 'ss17', 8, 1, 'Kein Hexenwerk', 0, 23, '2018-05-23 18:38:01', ''),
(37, 86, 2, 3, 3, 'written', -2, -1, 1, 3, '', 'ws15-16', 10, 1, 'Viel Aufwand, geht tief in die Materie, aber sehr interessant', 0, 23, '2018-05-23 18:39:24', ''),
(38, 194, -2, 2, 3, 'written', 1, 0, 1, 3, '', 'ws17-18', 9, 1, 'Klausur fällt gerne mal etwas schlechter aus, was wohl an der sehr knappen Zeit liegt. Veranstaltung dennoch empfehlenswert, da das Thema interessant und vor allem praktisch für den Beruf ist!  Vorlesung wird aufgezeichnet.', 0, 2, '2018-05-23 22:03:40', '2018-05-23 22:04:10'),
(39, 86, 3, 3, 2, 'oral', -3, -2, 1, 2, '', 'ws16-17', 10, 1, 'Veranstaltung super interessant! Vorlesung ist empfehlenswert, da man so das Skript besser versteht und nicht so viel googeln muss. Die Übungen waren sehr prüfungsrelevant!', 0, 2, '2018-05-23 22:07:28', ''),
(40, 548, 1, 3, 1, 'written', 1, -1, -2, 3, '', 'ws17-18', 8, 1, 'Sehr motivierte Dozenten, viele Beispiele aus der Praxis, faire Klausur', 0, 23, '2018-05-24 08:36:58', ''),
(41, 22, -3, -1, 2, 'written', -3, 2, 0, 2, '', 'ws13-14', 6, 1, 'Die Zeit in der Klausur ist sehr knapp', 0, 12, '2018-05-24 10:54:43', '2018-05-24 10:54:43'),
(42, 52, -2, 1, 1, 'written', 1, -2, -1, 1, '', 'ws17-18', 7, 1, 'Insgesamt eine angenehme Möglichkeit das Info-Modul aufzufüllen.', 1, 3, '2018-05-25 13:48:15', ''),
(43, 197, 1, 1, 1, 'written', 1, -2, 1, 3, '', 'ss16', 8, 1, 'Wer sich nicht durch Prog 1 &#34;durchquälen&#34; musste und halbwegs Spaß am Programmieren findet, der wird hier einen interessanten ersten Einblick in GUI und Programmsteuerung und -vernetzung erhalten.', 1, 3, '2018-05-25 13:51:28', ''),
(44, 23, 2, 1, 0, 'written', 1, -1, -1, 1, '', 'ss17', 8, 1, '', 0, 31, '2018-05-25 15:16:43', '2018-05-25 15:16:43'),
(45, 149, -1, 1, 2, 'written', -3, -2, 0, 1, '', 'ws17-18', 5, 0, 'In der Klausur wurden die Folien 1-zu-1 abgefragt. Es macht Sinn zusätzlich zu dem Titel und Inhalt der Folien auch den/die ErfinderIn der Konzepte zu lernen. ', 0, 31, '2018-05-25 15:21:08', ''),
(46, 212, -1, 0, 2, 'written', -3, -2, 0, 0, '', 'ss17', 7, 1, 'In der Klausur werden die Folien 1-zu-1 abgefragt, das einzige wo man etwas nachdenken muss ist der spieltheoretische Teil (meist Aufgabe 3 der Klausur)', 0, 31, '2018-05-25 15:23:33', ''),
(47, 154, 2, 1, -1, 'written', 0, -1, 0, 1, '', 'ws17-18', 7, 1, 'Die Veranstaltung war etwas unstrukturiert, aber trotzdem gut machbar.', 0, 31, '2018-05-25 15:25:21', ''),
(48, 241, 1, 3, 1, 'written', 2, 1, 0, 2, '', 'ss17', 9, 1, 'Die Vorlesung bei Prof. Puppe war sehr interessant. Man kann die Prüfung auch ohne die VL gut schreiben, trotzdem empfehle ich euch sie zu besuchen.', 0, 31, '2018-05-25 15:28:02', ''),
(49, 118, 1, 1, 0, 'written', 1, 0, 0, 2, '', 'ws17-18', 8, 1, 'Anders als bei der Bewertung vor mir gab es bei uns keinen Bonus in Excel, es gab nur Extrapunkte in der Klausur für ordentliches schreiben, da war die Korrektur sehr streng, ansonsten war es eine faire Klausur.', 0, 31, '2018-05-25 15:31:58', ''),
(50, 116, 1, 1, 0, 'written', 1, 1, 0, 1, '', 'ss17', 8, 1, 'Die Konzepte aus den Übungen sollte man gut verstanden haben, in der Klausur sind die Aufgaben teilweise etwas anders gewesen. Der Bonus in der Klausur für ordentliches Schreiben war sehr schwer zu erreichen.', 0, 31, '2018-05-25 15:33:55', ''),
(51, 105, -1, 1, 1, 'written', -1, 0, -1, 1, '', 'ss17', 7, 1, 'Der Bonus ist sehr zeitaufwendig und wird auch recht streng korrigiert. Sonst war das Fach gut machbar.', 0, 31, '2018-05-25 15:37:13', ''),
(52, 30, 1, 1, 2, 'written', 0, 2, 0, 2, '', 'ss17', 8, 1, 'Sehr interessantes Fach und absolute Grundlage für viele andere VWL-Fächer. Ich habe die VL bei Prof. Reiß besucht.', 0, 31, '2018-05-25 15:40:01', ''),
(53, 96, 2, 1, 2, 'written', 1, 2, 0, 3, '', 'ws16-17', 10, 1, 'Es gab in keinem anderen Fach so viel Lernmaterial wie in Info II. Es sind zwar viele Konzepte, wenn man sich jedoch für die Bonusklausur schon gut vorbereitet ist es bei der Hauptklausur gar nicht mehr so aufwendig.', 0, 31, '2018-05-25 15:42:04', ''),
(54, 167, -2, 0, 0, 'written', 2, 3, 1, 1, '', 'ws17-18', 5, 1, 'Hier stellt sich die Frage ob die Veranstaltung empfehlenswert ist nicht, man muss halt durch. Auch wenn Mathe III mittlerweile als absolutes Angstfach gilt: wenn man sich hinsetzt und die Aufgaben einige Male durchrechnet ist es trotzdem machbar. Viel Erfolg!', 0, 31, '2018-05-25 15:45:13', ''),
(55, 197, 2, 0, 2, 'written', 0, -1, 0, 1, '', 'ss16', 9, 1, 'Die Veranstaltung ist wirklich sinnvoll um über die Basics aus Prog 1 hinauszukommen. Es ist zwar nicht unbedingt einfach eine gute Note zu bekommen, es lohnt sich aber die Java-Kenntnisse zu vertiefen.', 0, 31, '2018-05-25 15:47:57', ''),
(56, 195, 1, -1, 1, 'written', 0, 1, 0, 0, '', 'ws15-16', 8, 1, 'Wenn ihr etwas Spaß am programmieren habt sollte euch die Veranstaltung auch Spaß machen.', 0, 31, '2018-05-25 15:49:52', ''),
(57, 242, 2, 3, 1, 'written', -1, 1, 0, 1, '', 'ws15-16', 8, 1, 'Ich habe die VL bei Prof. Puppe gehört und sie war sehr interessant und empfehlenswert. Einige Kommilitonen von mir haben die Klausur jedoch auch ohne die VL gut bestanden.', 0, 31, '2018-05-25 15:51:44', ''),
(58, 154, 2, -1, -1, 'written', -2, -1, 1, -1, '', 'ws17-18', 7, 1, 'In diesem Semester hat die Vorlesung das erste Mal stattgefunden. Aus diesem Grund gab es einige organisatorische Unstimmigkeiten. Das wird in Zukunft denke ich auf jeden Fall besser!', 0, 32, '2018-05-25 18:44:54', ''),
(59, 56, 1, -1, -1, 'written', -2, -1, 1, 2, '', 'ss17', 8, 1, 'Für die Vorlesung waren in diesem Semester Abgabeblätter und eine Praxisübung als Klausurzulassung vorgesehen.', 0, 32, '2018-05-25 18:48:19', ''),
(60, 5, -3, 1, 3, 'written', -3, -2, 0, 2, '', 'ws13-14', 4, 1, '', 0, 12, '2018-05-27 15:56:01', '2018-05-27 15:56:01'),
(61, 40, -2, 0, -1, 'written', -1, 2, -1, 0, '', 'ss17', 6, 1, 'Muss halt. Viele AK rechnen, dann ist es gar kein Problem...', 0, 3, '2018-05-27 17:36:52', ''),
(62, 156, -3, -1, 3, 'written', -3, 2, -1, 3, '', 'ss18', 10, 1, '-Lernaufwand für eine 1,xx ca. 7 Tage (8h pro Tag)\n-70 % der Klausur besteht aus Rechnungen die identisch mit den Aufgaben aus den Übungen sind. (In der Klausur war auch eine Aufgabe zum Thema Anleihen relevant, steht nur in den Vorlesungsfolien)\n-30% ist die Theorie auswendig lernen.', 0, 27, '2018-05-27 21:38:44', ''),
(63, 27, -3, 1, 3, 'written', -3, 1, 0, 2, '', 'ws17-18', 9, 1, 'In der Prüfung ist man ziemlich unter Zeitdruck. Man sollte stichwortartig antworten, damit man alle Aufgaben gut bearbeiten kann.', 0, 27, '2018-05-27 21:45:18', '2018-05-27 21:45:18'),
(64, 96, 1, 2, 3, 'written', 2, -1, 2, 3, '', 'ws17-18', 9, 1, 'Was mir für die Prüfungsvorbereitung geholfen hat war, dass ich immer aufmerksam in den Tutorien mitgearbeitet habe und mich schon für die Bonusklausur sehr gut vorbereitet habe. Auch die Übungsbücher die angeboten werden sind gold wert. Sie vermitteln Verständnis und geben einfach nochmal Übung in die verschiedenen Aufgabenbereichen (die man auch für die Klausur braucht)', 0, 27, '2018-05-27 21:53:29', ''),
(65, 195, -1, 3, 3, 'written', 2, -2, 1, 2, '', 'ws16-17', 10, 1, 'Setzt euch früh genug mit dem Stoff auseinander. Programmieren kann man sich nicht allzu gut kurz vor knapp reinziehen (Programmieren lernt man nicht in einer Nacht). Wendet am besten auch schon unter dem Semester 2-3 Stunden die Woche auf um die Rechnerpraktika gut zu verstehen.', 2, 27, '2018-05-27 22:01:28', ''),
(66, 336, 2, 2, 3, 'written', -3, -3, 0, 2, '', 'ws17-18', 9, 1, 'Blockveranstaltung in der Vorlesung und Übung abgewechselt werden. Das Tempo der Vorlesung könnte zwar an der ein oder anderen Stelle erhöht werden, aber grundsätzlich interessante Vorlesung und gute Vorbereitung für die Klausur. ', 0, 34, '2018-05-27 22:15:14', ''),
(67, 514, 3, 3, 1, 'written', 2, -2, 1, 1, '', 'ws17-18', 8, 1, 'Prüfung setzt stark auf Verständnis und Transfer. Die Übungen sind hilfreich um sich den Vorlesuungsstoff zu veranschaulichen. ', 0, 34, '2018-05-27 22:19:23', '2018-05-27 22:19:23'),
(68, 194, 3, 1, 1, 'written', 1, -1, 0, 1, '', 'ws17-18', 9, 1, 'Sehr interessante Vorlesung, da Thema relevant für jeden Wiwi. Klausur fällt jedoch tendentiell eher schlecht aus. ', 0, 34, '2018-05-27 22:22:25', ''),
(69, 104, -2, 1, 3, 'written', -2, 0, 1, 2, '', 'ss17', 9, 1, 'Sehr interessante Vorlesung für alle, die sich in Bereichen der Produktion vertiefen möchten. Vorlesung deckt großes Spektrum ab. Für die Prüfungsvorbereitung ist relativ viel Zeit nötig, da die Vorlesung einen großen Umfang hat. Dafür ist die Klausur absolut fair. - Vorlesung wurde im SoSe18 neu konzipiert. ', 0, 34, '2018-05-27 22:26:50', '2018-05-27 22:27:38'),
(70, 480, -1, -1, 3, 'written', -3, -3, 0, 3, '', 'ws17-18', 8, 1, 'In den Übungen kann verschiedene CAD- und PDM-Software ausprobiert werden. Für die Klausur gibt es einen Fragenkatalog, der zur Klausurvorbereitung völlig ausreicht. Seit WiSe 17/18 ist die Prüfung schriftlich. ', 0, 34, '2018-05-27 22:34:04', '2018-05-27 22:34:29'),
(71, 548, 2, 3, 3, 'written', 0, -1, 0, 3, '', 'ws17-18', 8, 1, '', 0, 34, '2018-05-27 22:37:47', '2018-05-27 22:37:47'),
(72, 424, 3, 3, 0, 'other', 0, 0, 0, 0, 'Seminararbeit als Teil des Innovationsmanagement-Modul. Zwischenpräsentation und Schriftliche Ausarbeitung am Ende des Semesters. ', 'ss17', 7, 1, 'Anrechnung als Seminar oder als Modulleistung möglich. Dozent lässt Themenwahl relativ frei. ', 0, 34, '2018-05-27 22:42:45', ''),
(73, 197, -1, 1, 2, 'written', 1, -2, 1, 3, '', 'ss17', 9, 1, 'Wenn man etwas programmier-affin ist, kann man auch ganz gut ohne Vorlesung auskommen. Der Besuch von Tutorium und Rechnerpraktikum ist aber definitiv empfehlenswert, vor allem das Nachbereiten der Programmieraufgaben, die tatsächlich sogar Spaß machen können.\nDie Veranstaltung ist eigentlich für empfehlenswert, die sich mit Prog1 anfreunden konnten und diese Kenntnisse vertiefen wollen. Man sollte sich aber unter dem Semester mit den Rechnerpraktikas beschäftigen, dann fällt einem die Klausur deutlich einfacher.', 0, 35, '2018-05-28 15:33:09', ''),
(74, 234, 2, 2, -2, 'written', -2, -2, -2, 1, '', 'ws17-18', 7, 1, 'Vorlesung ist etwas unstrukturiert und durcheinander, mal gibt es VL-Folien, mal ein Skript - alles also ein bisschen wild. Ansonsten ist die Thematik super interessant und in der Vorlesung gibt es einige Beispiele für die Theorie. Die Klausur ist super fair und mit einem echt angemessenen Aufwand sehr gut zu meistern.', 0, 35, '2018-05-28 15:37:32', ''),
(75, 195, 1, 1, 3, 'written', 1, 1, 1, 2, '', 'ws13-14', 9, 1, 'Immer fleißig ins Rechnerpraktikukmgehen', 0, 12, '2018-05-28 15:59:02', '2018-05-28 15:59:02'),
(76, 121, 3, 3, 1, 'written', -2, -3, -1, 2, '', 'ss17', 9, 1, 'Vorlesung sehr interaktiv - Professor stellt Fragen, es werden kleine Gruppenarbeiten gemacht etc. ', 0, 21, '2018-05-29 12:46:23', '2018-05-29 12:46:23'),
(77, 91, 1, 3, 2, 'oral', -2, -3, -1, 3, '', 'ss15', 10, 1, 'Prof. Breseke ist ein sehr, sehr kompetenter und auf seinem Gebiet rennomierter Professor. Die Vorlesung ist informativ und durch viele teils aktuelle Praxisbeispiele super interessant. Es macht wirklich Spaß ihm zuzuhören. Man merkt, dass er gerne lehrt.', 0, 20, '2018-05-29 12:47:45', ''),
(78, 161, -3, -3, 0, 'written', -1, 3, 1, 1, '', 'ws13-14', 4, 0, ' ', 0, 21, '2018-05-29 12:49:03', ''),
(79, 170, 2, 3, 3, 'oral', -2, -3, -1, 3, '', 'ss16', 10, 1, 'Kompetener, freundlicher und vorallem humaner Prof. Thema ist sowieso interessant. Die Prüfung ist locker. Bitte nicht von den phys. Formeln abschrecken, die ab und zu in der Folien bzw der Veranstaltung auftauchen. Diese sind (Stand SS16) für WIngs nicht relevant und müssen daher theoretisch nicht hergeleitet werden können. Wer´s kann und es in der Prüfung zum Ausdruck bringt, hinterlässt natürlich einen super Eindruck, der sich evtl. auch positiv auf die Prüfungsleistung auswirkt, da zusatzleistung, die über den eigentlich erwarteten Lernstoff geht.', 0, 20, '2018-05-29 12:51:42', ''),
(80, 149, 1, 2, -1, 'written', -2, -3, 1, -1, '', 'ws16-17', 4, 0, ' ', 0, 21, '2018-05-29 12:51:48', ''),
(81, 178, -1, 2, 1, 'written', -2, -3, 2, 0, '', 'ss16', 4, 0, 'Die Klausur dauerte nur eine halbe Stunde, und es wurrden zwei Konzepte abgefragt. Man muss alle Folien perfekt auswendig lernen, da es bei der Punktzahl von 30 keinen Platz für Unwissen gibt. ', 0, 21, '2018-05-29 12:54:04', ''),
(82, 212, 2, 2, 1, 'written', -2, -2, 2, 1, '', 'ss17', 5, 0, ' ', 0, 21, '2018-05-29 12:55:45', ''),
(83, 50, -3, -2, -2, 'written', -2, 0, 0, 3, '', 'ss16', 8, 1, 'Die Vorlesung orientiert sich am Buch &#34;Wirtschaftspolitik&#34; von Rainer Klump. Dieses ist sehr gut geschrieben und es macht bei Neigung zum Themengebiet Spaß, es durchzuarbeiten. Die Übung der VL bereitet sehr gut auf die Klausur vor. ', 0, 21, '2018-05-29 12:58:39', ''),
(84, 208, -3, -1, 3, 'written', -2, 3, 0, 1, '', 'ws16-17', 6, 1, 'Die Klausur ist ein Sprintwettbewerb, wo es darum geht, viele Algorithmen korrekt und im höchstmöglichen Tempo zu rechnen. ', 0, 21, '2018-05-29 13:00:48', ''),
(85, 199, 1, 1, 1, 'written', -1, 0, 1, 2, '', 'ws14-15', 8, 1, 'Sehr spannende Themen, die Klausur bestand im WS14/15 aus 50% Anwendung (Man sollte aus einer gegebenen Geschichte Petrinetze, Flussdiagramme, Prozessketten etc. erstellen) und aus 50% Auswendiglernen. ', 0, 21, '2018-05-29 13:03:13', ''),
(86, 375, 0, 0, 0, 'written', 0, 0, 0, 1, '', 'ws17-18', 7, 1, ' ', 0, 21, '2018-05-29 13:03:58', '2018-05-29 13:03:58'),
(87, 157, 2, 1, 1, 'written', -2, -3, -2, 1, '', 'ss16', 8, 1, 'Spannende Blockveranstaltung - Dozent teilt mit, welche Folien prüfungsrelevant sind.', 0, 21, '2018-05-29 13:05:25', ''),
(88, 104, -2, 1, 2, 'written', -2, -1, 0, 2, '', 'ss17', 8, 1, 'Sehr umfangreich - die Lernvorbereitung sollte optimalerweise über 4-5 Wochen mit ca. 2 Stunden Lernen pro Tag erfolgen. So setzt sich der Stoff am besten ins Langzeitgedächtnis ab. Kurzfristige Lernstrategien sind für IPP nicht zu empfehlen.', 0, 21, '2018-05-29 13:09:08', ''),
(89, 466, 3, 1, 1, 'other', 0, 0, 0, 0, 'Seminar mit zwei Zwischen- und einer Abschlusspräsentation. Gruppenarbeit in Fünferteams. ', 'ws17-18', 8, 1, 'Sehr arbeitsintensiv, jedoch ist die Benotung mehr als fair. ', 0, 21, '2018-05-29 13:11:42', ''),
(90, 227, -2, 0, 1, 'written', -2, -1, 3, 1, '', 'ws13-14', 6, 1, ' ', 0, 21, '2018-05-29 13:12:46', '2018-05-29 13:12:46'),
(91, 140, -1, 0, -3, 'written', 0, -1, 0, -1, '', 'ws16-17', 3, 0, 'Vorbereitung ohne Vorlesungsbesuch war nicht ganz so einfach, Übungs- und Vorlesungsfolien sehr lückenhaft und teilweise schwer zu verstehen. Klausur ist im &#34;Essay-Stil&#34;, das heißt es werden Fließtexte und Argumentationen vorausgesetzt. ', 0, 21, '2018-05-29 13:15:26', ''),
(92, 366, 2, 1, 1, 'written', -2, -3, -1, 0, '', 'ws16-17', 8, 1, ' ', 0, 21, '2018-05-29 13:20:38', ''),
(93, 7, 1, 3, -2, 'written', 1, -3, 0, -1, '', 'ws16-17', 8, 1, 'Sehr interessant. Es werden viele wissenschaftliche Experimente besprochen, aber man muss dementsprechend auch viele paper durchlesen.', 0, 9, '2018-05-29 17:40:52', '2018-05-29 17:44:37'),
(94, 408, 0, 0, 0, 'other', 0, 0, 0, 0, 'Workshop mit Zwischen- und Endpräsentation. ', 'ws17-18', 8, 1, 'Am Anfang werden die verschiedene Programme (Siemens NX, Teamcenter, CAM und Digitale Fabrik) vorgestellt (sehr schnelles Tempo). Danach wird ein konkretes Projekt in der Gruppe bearbeitet. Man konstruiert eine Machine und druckt bzw. fräst einzelne Bauteile dafür. Zeitplan und Teamstrukturierung müssen in entsprechenden Programmen nachgeführt werden. \nMan hat viel Gestaltungsfreiraum und kann sehr praktisch arbeiten. Die Noten fallen tendenziell sehr gut aus. ', 0, 9, '2018-05-29 17:52:50', '2018-05-29 18:12:52'),
(95, 276, -2, -3, 2, 'written', -2, 2, 0, 2, '', 'ws16-17', 4, 1, 'War damals Blockveranstaltung mit Prüfung im November, daher sehr angenehm außer der Klausurenphase.\nViel auswendig lernen, aber insgesamt sehr fair gestellte Klausur :)', 0, 36, '2018-05-29 20:55:16', ''),
(96, 501, 0, 1, 1, 'written', -3, -2, 1, 0, '', 'ws16-17', 3, 0, 'Blockveranstaltung durch externen Dozenten von BMW gehalten.\nGegenüber anderen SCM- und Automotive-Vorlesungen nichts neues, nur halt mit BMW-Bezug.', 0, 36, '2018-05-29 20:59:08', ''),
(97, 484, 2, 1, -2, 'oral', 0, -3, -1, -1, '', 'ss17', 7, 1, 'Vorlesung durch externe Dozenten von SAP gehalten.\nFolien sehr unstrukturiert und ohne Vorlesungsbesuch/Notizen schwer nachzuvollziehen.\nMündliche Prüfung sehr fair, insbesondere, wenn man nicht der Prüfling am Tag ist (ähnliche Fragen den gesamten Tag)', 0, 36, '2018-05-29 21:01:29', ''),
(98, 433, -3, 0, 2, 'written', 1, 2, -1, 3, '', 'ss15', 7, 1, 'Übungsbesuch durchaus wichtig, da einige Verfahren/Algorithmen selber schwer nachzuvollziehen sind.\nTheorieanteil im Vergleich zu anderen IIP-Klausuren deutlich geringer.', 0, 36, '2018-05-29 21:05:35', ''),
(99, 116, -2, -1, 2, 'written', 2, 2, 1, 2, '', 'ws16-17', 8, 1, 'Aufzeichnungen zu Vorlesungen vorhanden. Empfehlenswert, weil einzelne leichte Dinge lange durchgekaut werden und vorspulen sich empfiehlt.', 0, 36, '2018-05-29 21:09:15', ''),
(100, 118, -1, 1, 2, 'written', 2, 2, 1, 2, '', 'ss16', 8, 1, 'Thematisch interessanter als MA I\nBearbeitung in umgekehrter Reihenfolge (2 --> 1) möglich.', 0, 36, '2018-05-29 21:12:08', ''),
(101, 35, -3, -3, 3, 'written', -3, -3, -3, 3, '', 'ss16', 8, 1, 'Viele selbsterklärende, intuitive Themen. Folien sehr detailliert.\nIn der Klausur viele Fragen à la xx Vorteile von yy\nThema neuronaler Netze in Klausur und fast gar nicht auf Folien.', 0, 36, '2018-05-29 21:14:22', ''),
(102, 536, -1, 1, 2, 'oral', 3, -3, 2, 0, '', 'ss15', 9, 1, 'Vorab-Anmeldung in den Semesterferien (März), es gibt nur 30 Plätze.\nBearbeitung einer Fallstudie in Dreier-Gruppen ersetzt Klausur.\n\nFallstudie:\n- Programmieren eines Simulationsmodells in AnyLogic (Java-basiert)\n- 12-15-seitige Ausarbeitung\n- Präsentation der Fallstudie und kurzes Q&A in mündlicher Prüfung\n\nVorlesungsbesuch insbesondere als Präsenz zum Zwecke der mündlichen Prüfung empfehlenswert (kleine Gruppe von max. 30 Leuten)', 0, 36, '2018-05-29 21:17:38', ''),
(103, 355, 3, 2, 1, 'written', 2, -3, -1, 1, '', 'ss15', 7, 1, 'Software-Praktikum bestehend aus kurzem Vorlesungsteil und Bearbeiten einer Programmieraufgabe in Zweiergruppen. Im Laufe des Semester stellt jede Gruppe die Ergebnisse an einem der nächsten VL-Termine vor.\n\nNote zu 50% aus Abgabe der Übungen und 50% schriftliche Prüfung (sehr fair und leicht),', 0, 36, '2018-05-29 21:20:34', ''),
(104, 208, -3, 0, 1, 'written', -2, 2, 0, 2, '', 'ss16', 6, 1, 'Guter Überblick über SCM-Themen.\nÜbungsbesuch zu empfehlen. Bei der Klausurvorbereitung auch mal einen Blick in die VL-Folien werfen.', 0, 36, '2018-05-29 21:22:41', ''),
(105, 177, -1, 0, 1, 'written', -1, 0, 0, 2, '', 'ss15', 6, 0, 'Übungsblätterabgabe für 0,3er-Bonus\nzusätzlich Rechnerübung für weiteren 0,3er-Bonus', 0, 36, '2018-05-29 21:24:39', ''),
(106, 108, 1, 1, -2, 'written', -1, -1, -1, 1, '', 'ws15-16', 7, 1, 'Altes Skript existiert in Dropboxen. Deutlich detaillierter als Folien (viele Lücken, die in VL gefüllt werden), aber auch nicht vollständig. VL dennoch nicht zwingend erforderlich.\n2-3 Übungen im Semester, die wichtig für Klausur sind.', 0, 36, '2018-05-29 21:27:34', ''),
(107, 132, -1, 0, -1, 'written', 1, 2, 0, 1, '', 'ws13-14', 8, 1, 'Grundlegende Logistik-Vorlesung.\nVorlesungskonzept hat sich in den letzten Jahren stark und mehrfach geändert.\nBuch von Furmans parallel zur VL sehr hilfreich.', 0, 36, '2018-05-29 21:29:48', ''),
(108, 357, 3, 3, 1, 'oral', 2, -2, 0, 3, '', 'ws15-16', 10, 1, 'Hate it or love it \nFür alle, die Logistiksystemen mal analytisch betrachten wollen.\nFokus und Vertiefung auf Warteschlangensysteme.\nMündliche Prüfung sehr sehr fair.\nVorlesung wird teilweise auf Englisch gehalten (ändert sich jedes Semester).', 0, 36, '2018-05-29 21:32:19', '2018-05-29 21:34:55'),
(109, 187, -2, -2, 2, 'written', 1, 2, -2, 2, '', 'ss16', 6, 1, 'Absolut ohne VL-Besuch machbar.\nProduktions- und LOG-Bezug teilweise nicht wirklich gegeben --> gewisse Ähnlichkeiten zu Management Accounting (aber halt nur light)', 0, 36, '2018-05-29 21:36:37', ''),
(110, 105, 0, 1, 2, 'written', -2, 1, -1, 1, '', 'ss15', 7, 1, 'Grundlagen-Veranstaltung.\nKlausur mit sehr vielen kleinen Wissensfragen (z.B. zwei Vor-/Nachteile, ...)\nBonus aufwendig, aber machbar.', 0, 36, '2018-05-29 21:40:10', ''),
(111, 22, -3, -1, 2, 'written', 0, 2, -2, 3, '', 'ws14-15', 6, 0, 'Einfache Einführung in Finanzen und Rechnungswesen. Nichts Besonderes oder Gemeines. Materialien sind sehr gut (und interessant), die Vorlesung live dafür sehr langweilig.', 0, 17, '2018-05-29 22:07:49', ''),
(112, 5, -2, 1, 2, 'written', -2, -1, -2, 2, '', 'ws14-15', 7, 1, 'Unternehmensführung-Teil ist eher langweilig (besonders für Leute mit Wirtschaft im Abitur). Informationswirtschaft-Teil der Vorlesung interessant und lohnt sich.', 0, 17, '2018-05-29 22:11:44', ''),
(113, 27, -2, 2, 2, 'written', -3, -1, 0, 1, '', 'ss15', 7, 1, 'Einführung in Marketing gut, Produktionswirtschaftsteil nicht.', 0, 17, '2018-05-29 22:14:30', ''),
(114, 44, 0, 0, 3, 'written', 0, 2, 0, 2, '', 'ss16', 8, 1, 'Der Name sagt es: Essentials! Sehr gute Übungs- und Vorlesungsmaterialien, VL aber oft mal langweilig. Für die Prüfung lohnt es sich in die Übung zu gehen. Allgemein ist die Übung deutlich relevanter und besser als die VL.', 0, 17, '2018-05-29 22:18:20', ''),
(115, 115, 3, 2, 2, 'written', 0, 3, 2, 2, '', 'ss16', 9, 1, 'Sehr gute und interessante Vorlesung. Unbedingt in die Vorlesung gehen oder online anschauen, da Unterlagen als Lückentext ausgegeben werden. Hoher Aufwand. ', 0, 17, '2018-05-29 22:20:49', ''),
(116, 19, 2, 1, 1, 'written', -1, 0, 0, 2, '', 'ss16', 8, 1, 'Gute Vorlesung, dafür aber oft unstrukturierte Übung. Vorlesung UND Übung sind klausurrelevant. Sehr umfangreiche Folien, von denen oft nicht alles wichtig ist.', 0, 17, '2018-05-29 22:23:43', ''),
(117, 159, 2, 0, 0, 'written', 1, 1, -1, 0, '', 'ss16', 7, 1, 'An sich eine interessante Vorlesung, als Blockveranstaltung mit 4h Blöcken jedoch anstrengend. Relativ geringer Aufwand.', 0, 17, '2018-05-29 22:26:19', ''),
(118, 7, 3, 3, -2, 'written', 1, -2, 0, 0, '', 'ws16-17', 9, 1, 'Sehr spannende und unterhaltsame Vorlesung. Unterlagen sind kaum vorhanden, daher sollte man anwesend sein. Das wichtigste ist, dass man alle relevanten Paper liest und versteht.', 0, 17, '2018-05-29 22:29:08', ''),
(119, 30, 1, 2, 2, 'written', 0, 2, -3, 3, '', 'ws17-18', 8, 1, 'Wer in VWL 1 gut aufgepasst hat, für den sollte Spieltheorie ziemlich einfach sein. Dennoch sehr interessanter Kurs, aber nicht besonders herausfordernd.', 0, 17, '2018-05-29 22:32:08', ''),
(120, 238, -1, 1, 3, 'written', 0, 0, 0, 2, '', 'ws16-17', 7, 1, 'Sehr interessantes Thema und sehr gute (hauptsächlich prüfungsrelevante) Übung. ', 0, 17, '2018-05-29 22:35:59', ''),
(122, 197, 0, 1, 3, 'written', 1, 2, 1, 2, '', 'ss15', 7, 1, 'Die wöchentlichen Abgaben sind manchmal nervig. Vorlesungstermin 8:00 sorgt dafür, dass ich keinerlei Aussage über die VL treffen kann, Thema jedoch interessant. In der Klausur muss man manchmal knobeln, man sollte sich nicht zu lange mit einem Problem beschäftigen.', 0, 17, '2018-05-29 22:40:49', ''),
(123, 98, 1, -1, 1, 'written', -2, -1, -2, 1, '', 'ss13', 6, 1, 'Durchaus interessante Thematik. Ggü. anderen LOG-Vorlesungen nicht viel Neues, daher gut machbar.\nIn der Klausur viele Fragen mit wenig Punkten à la 2 Vor-/Nachteile', 0, 36, '2018-05-29 23:34:42', ''),
(124, 136, -1, -1, 1, 'written', 2, 1, 3, 1, '', 'ss13', 4, 0, 'Gefühlt wie eine Fortführung des Mathe-Grundprogramms. \nZulassung und Bonus über Abgabe von Übungsblättern.', 0, 36, '2018-05-29 23:36:29', ''),
(125, 197, 1, 2, 2, 'written', 2, -2, 2, 2, '', 'ss12', 8, 1, 'Für Prog-Interessierte eine sinnvolle Ergänzung zu Prog 1. Am besten direkt im Anschluss im 2. Semester.', 0, 36, '2018-05-29 23:39:24', ''),
(126, 195, 1, 0, 2, 'written', 1, -2, 0, 3, '', 'ws14-15', 9, 1, 'Der Übungsbetrieb ist wirklich klasse, davon sollte man gut Gebrauch machen. Das zur Veranstaltung gehörende Buch ist sehr, sehr gut. Damit kann man super lernen', 0, 3, '2018-05-30 13:59:06', ''),
(127, 242, 2, -1, 0, 'written', 1, 1, 1, 1, '', 'ws14-15', 7, 1, 'Immer gut mit dem Buch lernen. Auf keinen Fall die Veranstaltung unterschätzen und früh ran setzen. Die Prüfung ist Pflicht Pflicht Pflicht. ', 0, 3, '2018-05-30 14:01:08', ''),
(128, 22, -3, -1, 3, 'written', -3, 3, 0, 3, '', 'ws12-13', 9, 1, 'Interessante Grundlagen, die in der Prüfung unter großem Zeitdruck abgefragt werden.', 0, 2, '2018-05-31 12:10:23', ''),
(129, 5, 1, 2, 1, 'written', -2, -2, 0, 2, '', 'ws12-13', 8, 0, 'Teilweise interessante Inhalte, die im Verlauf des Studiums immer wieder aufkommen.', 0, 2, '2018-05-31 12:13:00', '2018-05-31 12:13:00'),
(130, 195, 1, 2, 3, 'written', -1, -1, 1, 2, '', 'ws12-13', 10, 1, 'Sehr gute Einführung ins Programmieren, auch für Neulinge. Das begleitende Buch war unerlässlich! Unbedingt während des Semesters dranbleiben, um den Anschluss nicht zu verlieren.', 0, 2, '2018-05-31 12:16:07', ''),
(131, 242, 2, 2, 3, 'written', -2, -1, 0, 2, '', 'ws12-13', 8, 1, 'Tutorien waren wichtig, um die Inhalte zu verstehen.', 0, 2, '2018-05-31 12:17:58', '2018-05-31 12:18:11'),
(132, 227, -2, 1, 1, 'written', -1, 1, 0, 2, '', 'ws12-13', 8, 1, 'Empfehlenswerte Grundlagen', 0, 2, '2018-05-31 12:19:38', ''),
(133, 149, 1, 2, 3, 'written', -3, -2, 0, 1, '', 'ws15-16', 7, 1, 'Empfehlenswert für alle, die das Thema interessiert und gerne Folien auswendig lernen. Prof. Lindstädt plaudert gerne aus dem Nähkästchen und macht so den Vorlesungsbesuch empfehlenswert.', 0, 2, '2018-05-31 12:23:28', ''),
(134, 178, -1, 2, 3, 'written', -3, -3, 0, 2, '', 'ss14', 8, 1, 'Empfehlenswert für alle, die das Thema interessiert und gerne Folien auswendig lernen. Prof. Lindstädt plaudert gerne aus dem Nähkästchen und macht so den Vorlesungsbesuch empfehlenswert.', 0, 2, '2018-05-31 12:24:35', ''),
(135, 212, -1, 2, 3, 'written', -3, -3, 0, 2, '', 'ss15', 7, 1, 'Empfehlenswert für alle, die das Thema interessiert und gerne Folien auswendig lernen. Prof. Lindstädt plaudert gerne aus dem Nähkästchen und macht so den Vorlesungsbesuch empfehlenswert.', 0, 2, '2018-05-31 12:25:35', ''),
(136, 30, 1, 3, 2, 'written', 0, 1, 0, 3, '', 'ss14', 9, 1, 'Spannende Konzepte; Klausur war sehr stark an die Übungen angelehnt und darum leicht zu meistern.', 0, 2, '2018-05-31 12:27:12', ''),
(137, 52, -1, 0, 1, 'written', -1, 2, 0, 2, '', 'ws15-16', 8, 1, 'Wer nicht so Informatik-affin ist, ist hiermit sicherlich ganz gut beraten.', 0, 2, '2018-05-31 12:29:06', ''),
(138, 197, 1, 2, 2, 'written', 1, 0, 2, 2, '', 'ws12-13', 9, 1, 'Empfehlenswerte Fortsetzung von Prog I, wenn man damit gut klargekommen ist. Am Anfang nicht abschrecken lassen, da wird wohl ein schwierigeres Thema behandelt, um ein bisschen auszusieben.', 0, 2, '2018-05-31 12:31:40', ''),
(139, 192, 3, 3, 1, 'written', 1, -2, 1, 0, '', 'ws15-16', 8, 1, 'Interessant für alle, die gerne ein bisschen Programmieren (man braucht kein wirkliches Vorwissen, aber man tut sich sicher leichter, wenn man Code schreiben nicht verabscheut; es reicht schon, wenn man Prog I mochte oder gerne mal so etwas wie VBA ausprobiert).\n\nMan muss während des Semesters etwas mehr Zeit einplanen, um dranzubleiben und auch die Abgaben anzufertigen.\n\nDas größte Problem bei dieser Veranstaltung ist, dass die verwendete Programmiersprache anscheinend von nicht so vielen anderen verwendet wird und somit die Recherche bei Fehlern im Internet quasi nie zu Ergebnissen führt.\n\nAnsonsten ist der Kurs teilnehmerbeschränkt, sodass man sich frühzeitig anmelden sollte.', 0, 2, '2018-05-31 12:38:49', ''),
(140, 205, 1, 2, 2, 'written', -2, 2, 0, 2, '', 'ss14', 8, 1, 'Interessante Algorithmen, die man so in der Klausur anwenden musste.', 0, 2, '2018-05-31 12:40:28', ''),
(141, 48, 2, 2, 0, 'written', 3, 2, 1, 1, '', 'ws14-15', 9, 1, 'TM II ist deutlich kniffliger als TM I, hat zumindest mir jedoch viel Spaß gemacht. Ich würde sagen, die Konzepte sind für den Durchschnittswiwi etwas schwerer zu erfassen, sodass sich Vorlesungsbesuch und Übung sehr empfehlen. Zum Lernen auf die Klausur ist es sehr hilfreich, sich zusammen zu tun, um alles schneller zu verstehen und nicht an Kleinigkeiten hängenzubleiben. Die Klausur war insgesamt sehr fair - keine fiesen Sachen dabei, allerdings kann man die Aufgaben eben nur lösen, wenn man es verstanden hat. Mit Auswendiglernen kommt man hier nicht sehr weit.', 0, 2, '2018-05-31 14:23:13', ''),
(142, 228, 0, 0, 1, 'oral', -1, -2, 0, 2, '', 'ss14', 8, 1, 'Knüpft nahtlos an Werkstoffkunde I an. Wem das gefallen hat, der mag auch diese Veranstaltung. Die Nachklausur war mündlich und ist deutlich besser ausgefallen. Ob die Nachklausur mündlich ist, hängt wohl von der Anzahl der Prüflinge ab.', 0, 2, '2018-05-31 14:25:56', ''),
(143, 106, 1, 2, 2, 'written', -2, -1, 0, 2, '', 'ws15-16', 8, 1, 'Typische Marketing-Veranstaltung mit viel Auswendiglernen.', 0, 2, '2018-05-31 14:27:39', ''),
(144, 33, 1, 2, 2, 'written', -2, 0, 0, 2, '', 'ws15-16', 8, 1, 'Typische Marketing-Veranstaltung.', 0, 2, '2018-05-31 14:29:09', ''),
(145, 203, 1, 3, 1, 'other', 0, 0, 0, 0, 'Bearbeitung und Präsentation eines Papers. Aufwand gering.', 'ss15', 8, 1, 'Empfehlenswert, wenn man sich für Soziologie interessiert. Gibt die Möglichkeit, sich in ein Thema etwas tiefer reinzudenken.', 0, 2, '2018-05-31 14:34:34', ''),
(146, 89, -2, 3, 3, 'written', -3, -1, 2, 3, '', 'ss15', 9, 1, 'Interessant, aber recht viel für 3 Credits', 0, 23, '2018-05-31 19:15:39', ''),
(147, 123, -2, -2, 3, 'oral', -1, -3, -3, -3, '', 'ss17', 10, 1, 'Für einfache gute 3 credits', 0, 14, '2018-06-04 08:48:38', ''),
(148, 54, 0, 1, 3, 'oral', -3, -3, 0, 1, '', 'ss14', 10, 1, 'Einfaches Fach für 3 gute credits', 0, 14, '2018-06-04 08:51:48', '2018-06-04 08:51:48'),
(149, 106, 2, -1, -1, 'written', -1, -2, 0, 1, '', 'ss16', 8, 1, 'Wenn man Marketing mag, ists ganz nett', 0, 14, '2018-06-04 08:57:04', ''),
(150, 122, 1, 2, -1, 'written', -1, -2, 0, 2, '', 'ss16', 8, 1, 'Typisch Klarmann', 0, 14, '2018-06-04 08:59:38', ''),
(151, 5, -1, -1, 2, 'written', -3, -2, 0, 3, '', 'ws12-13', 7, 1, 'Grundlagenfach, wenig Tiefe, viel Breite', 0, 23, '2018-06-05 14:45:10', ''),
(152, 27, -1, -1, 3, 'written', -3, 1, -1, 3, '', 'ss13', 8, 1, 'Machbare Grundlagenveranstaltung', 0, 23, '2018-06-05 14:46:16', ''),
(153, 22, -3, -2, 3, 'written', -3, 2, -1, 1, '', 'ws12-13', 8, 1, 'Einfach alles auswendig lernen, Kennzahlenberechnung muss sitzen, dann ist die Klausur gut machbar', 0, 23, '2018-06-05 14:47:20', ''),
(154, 156, -2, -1, 2, 'written', -3, 2, 0, 3, '', 'ws13-14', 7, 1, 'Kennzahlen runterrechnen und Folien wiedergeben', 0, 23, '2018-06-05 14:48:20', ''),
(155, 242, 2, 3, 1, 'written', 1, 1, 1, 3, '', 'ws12-13', 9, 1, 'Sehr interessante und wichtige Grundlagen, allerdings relativ viel Stoff', 0, 23, '2018-06-05 14:49:22', ''),
(156, 244, 2, 1, -3, 'written', 2, -2, -1, -2, '', 'ss13', 8, 1, 'Inhalt interessant, Folien sehr unstrukturiert, es gab bei uns aber eine sehr gute inoffizielle Zusammenfassung', 0, 23, '2018-06-05 14:50:25', ''),
(157, 92, 1, 1, 2, 'written', 1, -2, 1, 2, '', 'ss14', 7, 1, 'Klassiche Grundlagenveranstaltung', 0, 23, '2018-06-05 14:51:49', ''),
(158, 96, 1, 2, 3, 'written', 2, 1, 2, 1, '', 'ws13-14', 9, 1, 'Sehr viel Stoff, zusätzliche Übungsbücher waren klausurrelevant', 0, 23, '2018-06-05 14:53:01', ''),
(159, 195, 1, 3, 3, 'written', -1, -3, 1, 3, '', 'ws12-13', 10, 1, 'Super für jeden, dem Programmieren Spaß macht', 0, 23, '2018-06-05 14:54:07', ''),
(160, 555, -2, 1, 3, 'written', 1, 2, -1, 3, '', 'ws13-14', 9, 1, 'Klausur war viel Algorithmen runterrechnen, allerdings auch einige Beweise, für die die Theorie gut sitzen musste', 0, 23, '2018-06-05 14:55:12', ''),
(161, 85, 1, 3, -1, 'written', -2, 2, -1, 2, '', 'ws13-14', 8, 1, 'Faire Prüfung, gute und entspannter Dozent', 0, 23, '2018-06-05 14:56:05', ''),
(162, 40, -1, 3, 3, 'written', -2, 3, -1, 3, '', 'ws13-14', 9, 1, 'Klassiche Grundlagen, mit ausreichend Übung ist die Klausur sehr gut machbar', 0, 23, '2018-06-05 14:57:37', ''),
(163, 227, -1, 1, 2, 'written', -2, -1, 1, 2, '', 'ws12-13', 9, 1, 'Super Dozent, interessante Grundlagen', 0, 23, '2018-06-05 14:58:29', ''),
(164, 178, -1, 2, 3, 'written', -2, -1, 0, 2, '', 'ss14', 8, 1, 'Einige interessante Inhalte, Prüfung ging nur 30 Minuten, kann man gut machen', 0, 23, '2018-06-05 15:00:28', ''),
(165, 212, 1, 3, 3, 'written', -3, -1, 0, 2, '', 'ss14', 8, 1, 'Klassisches BWL Fach mit ein paar interessanten Inhalten, insgesamt aber auf sehr hoher Flughöhe unterwegs', 0, 23, '2018-06-05 15:03:05', ''),
(166, 71, 1, 2, 3, 'written', 1, 2, 1, 3, '', 'ss15', 8, 1, 'Recht Theorie- und rechenlastig, aber gut machbar, wenn man sich eindenkt', 0, 23, '2018-06-05 15:04:11', ''),
(167, 105, -1, -1, 3, 'written', -1, 2, 0, 2, '', 'ws14-15', 9, 1, 'Es gab Gruppenarbeiten für Bonuspunkte', 0, 23, '2018-06-05 15:08:01', ''),
(168, 208, -1, 1, 3, 'written', -2, 3, 1, 3, '', 'ws15-16', 10, 1, 'Mit ausreichend Übung ist die Klausur gut machbar', 0, 23, '2018-06-05 15:09:31', ''),
(169, 205, -3, 1, 3, 'written', -3, 3, 1, 3, '', 'ss14', 9, 1, 'Viel Algorithmen rechnen, aber keine großen Überraschungen in der Klausur', 0, 23, '2018-06-05 15:10:37', ''),
(170, 181, 1, -1, 2, 'written', -2, -1, 1, 2, '', 'ss14', 8, 1, 'Übungen waren sehr klausurrelevant. Es wurde auch neuer Stoff in den Übungen eingeführt', 0, 23, '2018-06-05 15:13:13', ''),
(171, 197, -1, -2, 2, 'written', -2, -1, 1, 1, '', 'ss13', 8, 1, 'Wer Spaß am Programmieren hat, sollte ProKsy im Semester nach Prog 1 belegen', 0, 23, '2018-06-05 15:15:00', ''),
(172, 180, -2, 2, 3, 'written', -3, -3, -1, 3, '', 'ws15-16', 10, 1, 'Viel Stoff, Absolute Auswendiglernklausur, aber interessanter Inhalt. Übungen sind nur sehr bedingt klausurrelevant', 0, 23, '2018-06-05 15:16:18', ''),
(173, 408, 3, 0, 0, 'other', 0, 0, 0, 0, 'Semestergruppenprojekt mit Abschlusspräsentation. Es wird in CAD was konstruiert, ein Teil wird gefräst und alles parallel mit einem Workflow-Management Tool dokumentiert', 'ws15-16', 10, 1, 'Macht Spaß und man lernt, mit CAD-Programmen umzugehen', 0, 23, '2018-06-05 15:18:02', ''),
(174, 314, 1, 2, 2, 'oral', -3, -3, 0, 2, '', 'ws15-16', 8, 1, 'Interessante Vorlesung mit Bezug auf die praktische Anwendung.', 0, 2, '2018-06-05 17:03:37', ''),
(175, 111, 3, 0, 0, 'oral', 3, -3, 1, -1, '', 'ws15-16', 5, 0, 'Prüfung hatte nicht ganz so viel mit der Vorlesung zu tun. Während des Semesters müssen im Team Aufgaben bearbeitet werden; in jeder Vorlesung muss ein zufälliges Team präsentieren.\nInsgesamt relativ hoher Aufwand mit für mich mäßig spannenden Inhalten und damit nicht empfehlenswert.', 0, 2, '2018-06-05 17:06:20', ''),
(176, 89, 1, 2, 1, 'written', -1, -2, 3, 1, '', 'ws17-18', 8, 1, 'Gute Weiterführung von Fahrzeugtechnik I, allerdings thematisch nicht ganz so gut. Vorlesung ist trotz der 3 Credits sehr umfangreich - in der Vorbereitung auf die Klausur nicht unterschätzen. Klausur selbst war zeitlich sehr knapp bemessen.', 0, 2, '2018-06-05 17:09:44', ''),
(177, 196, 1, 1, 1, 'written', -1, -1, 0, 0, '', 'ws17-18', 6, 0, 'Thema war Industrie 4.0. In der Vorlesung wurden sehr viele Gebiete sehr oberflächlich angekratzt, was mir nicht so gefallen hat.', 0, 2, '2018-06-05 17:12:58', ''),
(178, 514, -1, 0, 1, 'written', 3, -2, 0, -1, '', 'ss17', 8, 1, 'Inhaltilich sehr anpruchsvoll, aber interessant. Für die Klausur muss nichts auswenidig gelernt werden, der Stoff muss aber inhaltlich wirklich gut verstanden sein.', 0, 23, '2018-06-05 18:35:42', ''),
(179, 332, 1, 3, 2, 'written', -2, -1, -1, 1, '', 'ss17', 10, 1, 'Recht aufwendige, semesterbegleitende Gruppenarbeit, mit der bis zu 6 Bonuspunkte geholt werden können (klausur hat 60 Punkte). Inhaltich interessant und mit vielen Praxisbeispielen. ', 0, 23, '2018-06-05 18:38:47', ''),
(180, 456, 2, -2, 1, 'written', -1, -2, -1, -1, '', 'ws14-15', 4, 0, 'Prof ist die totale Schlaftablette. Er spricht extrem langsam und es fällt schwer, in der Vorlesung überhaupt aufmerksam zu bleiben. ', 0, 37, '2018-06-05 18:53:07', ''),
(181, 314, -1, 3, 2, 'written', -2, -1, 0, 2, '', 'ws15-16', 9, 1, 'Spannende Vorlesung, Prof gibt sich viel Mühe sehr praxisnah zu sein', 0, 37, '2018-06-05 18:55:54', ''),
(182, 433, -2, -1, 2, 'written', -2, 1, 0, 2, '', 'ws15-16', 8, 1, 'Mischung aus Rechnen und Auswendiglernen. Gute Vorbereitung mit ausreichend Zeit ist für die Klausur wichtig', 0, 37, '2018-06-05 18:58:28', '2018-06-05 18:58:28'),
(183, 536, 3, 1, -1, 'other', 0, 0, 0, 0, 'Abgabe eines Simulations-Programms mit schriftlicher Ausarbeitung und Präsentation der Ergebnisse vor dem Prof (als Gruppenarbeit)', 'ss14', 8, 1, 'Spannende Abwechslung zu den immer gleichen Klausuren in anderen Fächern. Java-Grundkenntnisse für Simulation mit Anylogic erforderlich. Mit einem fähigen Team macht die Bearbeitung der Aufgabe Spaß. ', 0, 37, '2018-06-05 19:02:05', ''),
(184, 177, -1, -1, 0, 'written', -1, 2, -1, 1, '', 'ss15', 4, 0, 'Sehr rechenlastig und insgesamt eher langweilig. ', 0, 37, '2018-06-05 19:04:11', ''),
(185, 522, 1, 1, 1, 'written', 1, -3, -1, 1, '', 'ss14', 7, 1, 'Interessante Vorlesung, die einem die Denkweise der Juristen näher bringt. Wenn man das Schema für juristisches Schreiben (Gutachtenstil) einmal verinnerlicht hat, fallen einem die Übungsaufgaben und die Klausur relativ leicht.', 0, 37, '2018-06-05 19:07:07', ''),
(186, 108, 1, 2, -1, 'written', -2, 1, -2, 2, '', 'ss14', 9, 1, 'Prof macht die Vorlesung relativ interessant. In den Folien gibt es ab und zu Lücken, die durch den VL-Besuch gefüllt werden. Irgendwo kursiert ein (inoffizielles) Skript, das eine gute Ergänzung zur Vorlesung darstellt. ', 0, 37, '2018-06-05 19:09:48', ''),
(187, 158, -3, -1, 1, 'written', -1, 3, 1, -1, '', 'ws12-13', 6, 1, 'Ein unerwartet großer Unterschied zu Schulmathe. ', 0, 23, '2018-06-05 19:11:15', ''),
(188, 100, 1, 3, -1, 'written', -3, -2, 0, 2, '', 'ss14', 9, 1, 'Vorlesung von Porsche-Mitarbeitern, dadurch sehr praxisnah mit einigen spannenden Geschichten aus dem Arbeitsleben einer Führungskraft. \nFür die Prüfung ist eigentlich nur Auswendiglernen erforderlich, dafür allerdings sehr genau an den Wortlaut der Folien halten. ', 0, 37, '2018-06-05 19:12:21', ''),
(189, 161, -3, -1, 1, 'written', -3, 3, 1, 2, '', 'ws12-13', 7, 1, 'Muss man durch, nach der Semesterklausur weiß man, was einen erwartet', 0, 23, '2018-06-05 19:12:28', ''),
(190, 190, 2, 1, 1, 'written', -2, -1, 0, 1, '', 'ws14-15', 7, 1, 'Prüfung ist zeitlich sehr knapp bemessen, man muss sich mit dem Schreiben extrem beeilen um rechtzeitig fertig zu werden. ', 0, 37, '2018-06-05 19:13:50', ''),
(191, 163, -3, -2, 1, 'written', -3, 3, 0, 2, '', 'ss13', 7, 1, 'Inhalt wird im späteren Studium tatsächlich nochmal relevant. Einfach Tutorien und Altklausuren rauf und runter rechnen.', 0, 23, '2018-06-05 19:14:04', '2018-06-05 19:14:04'),
(192, 132, 0, 1, 1, 'written', 0, 1, 0, 1, '', 'choose', 8, 1, 'Übungen sind hilfreich. Konzept von VL und Übung hat sich in den letzten Jahren ab und zu geändert. ', 0, 37, '2018-06-05 19:15:29', '2018-06-05 19:16:21'),
(193, 199, 2, 0, 2, 'written', -2, -1, 0, 2, '', 'ws15-16', 7, 1, 'Ganz easy für die Programmierfaulen, hart auswendig lernen und eine paar Petri-Netze berechnen können. Aber nichts Unerwartetes!', 0, 24, '2018-06-05 19:16:50', ''),
(194, 167, -3, -2, 1, 'written', -3, 3, 0, 2, '', 'ws13-14', 7, 1, 'Tutorien und Altklausuren rauf und runterrechnen, dann auf jeden Fall machbar', 0, 23, '2018-06-05 19:16:59', ''),
(195, 113, -2, -1, 2, 'written', -2, 0, 0, 2, '', 'ss12', 7, 1, 'Prüfung hat einen hohen Auswendiglern-Anteil, kombiniert mit einigen Rechnungen. Insgesamt sehr faire Prüfung. ', 0, 37, '2018-06-05 19:19:07', ''),
(196, 113, -2, -2, 2, 'written', -1, 2, -2, 2, '', 'ss13', 6, 1, 'Vorlesung unnötig, weil Unterlagen selbsterklärend.\nKlausur stark an Übungen orientiert.\nMeistens 1 Aufgabe auswendig lernen, Rest rechnen', 0, 36, '2018-06-05 19:19:45', ''),
(197, 102, -2, -1, 2, 'written', -1, 0, 2, -1, '', 'ws12-13', 4, 0, 'Prüfung war für die wenigen ECTS relativ umfangreich und nicht ganz einfach. Inzwischen wurde am VL-Konzept allerdings auch ein bisschen was geändert. ', 0, 37, '2018-06-05 19:21:17', ''),
(198, 186, -3, -2, 2, 'written', -3, -1, 1, -2, '', 'ws14-15', 3, 0, 'Thema nicht wirklich interessant.\nTeilweise Aufgaben in Klausur, die nichts mit VL-Stoff zu tun haben. \nAufwand für 3,5 Credits hoch (viel auswendig lernen)', 0, 36, '2018-06-05 19:22:02', ''),
(199, 181, 0, 0, 2, 'written', -1, 0, -1, 2, '', 'ss16', 7, 1, 'Echt ganz interessant, praktisch Projektmanagement bei Software-Projekten. Rechnen nur bei Thema Testdaten, ist aber mit Übung alles gut machbar. Wieder Info für Programmierfaule.', 0, 24, '2018-06-05 19:22:36', ''),
(200, 206, -1, -1, -1, 'written', -1, 1, 1, 1, '', 'choose', 6, 1, 'Für die Prüfung sollte man die Steuer-Rechnungen, die in der Vorlesung drankommen, gut können. An einem der letzten VL-Termine gibt es eine Zusammenfassung der für die Klausur relevanten Folien. Der Rest aus der Vorlesung ist praktisch egal. ', 0, 37, '2018-06-05 19:23:13', '2018-06-05 19:23:55'),
(201, 208, -2, 0, 1, 'written', -1, 3, 0, 2, '', 'ws15-16', 5, 1, 'Kampfrechnen par excellence, Standortplanung rauf und runter. Standard-Vorlesung, obwohl sie danach wohl nochmal geändert wurde.', 0, 24, '2018-06-05 19:25:39', ''),
(202, 197, 1, 1, 2, 'written', 0, 1, 1, 2, '', 'ss11', 7, 1, 'Am besten sollte man diese Vorlesung direkt im 2. Semester machen, wenn einem Prog1 im ersten Semster Spaß gemacht hat. VL baut direkt darauf auf und hat ein ähnliches Konzept (Tutorium mit Abgaben) wie Prog1. ', 0, 37, '2018-06-05 19:26:00', ''),
(203, 157, -3, -2, -2, 'written', -3, -3, -2, -1, '', 'ss16', 3, 0, 'Bedingt weiterzuempfehlen, war vorher eigentlich immer mündlich, bei uns aber zu viele Leute dort. Reines Auswendiglernen, aber schlechte Unterlagen.', 0, 24, '2018-06-05 19:28:01', ''),
(204, 208, -2, -1, 2, 'written', -2, 2, 0, 2, '', 'ss12', 7, 1, 'Für die Klausur: Üben, Üben, Üben. Man sollte alle Rechnungen aus der VL/Übung perfekt können. ', 0, 37, '2018-06-05 19:28:11', ''),
(205, 205, -1, -1, 2, 'written', -2, 2, 0, 2, '', 'ss13', 7, 1, 'Für die Klausur: Üben, Üben, Üben. Man sollte alle Rechnungen aus der VL/Übung möglichst perfekt beherrschen. ', 0, 37, '2018-06-05 19:29:39', ''),
(206, 180, -1, 1, 2, 'written', -3, -3, -2, 3, '', 'ws15-16', 7, 1, 'Perfekt für Schmalspur-Ingenieure. 1000e Folien werden am Ende auf 200 eingedampft, die man dann wirklich auswendig lernen muss! Vorlesung ist nur gut, wenn sie Prof. Ovtcharova selbst hält.', 0, 24, '2018-06-05 19:30:19', ''),
(207, 86, 1, 2, 1, 'written', -2, 1, 1, 1, '', 'ss13', 7, 1, 'Sehr spannende Vorlesung, in der ich viel Neues gelernt habe. Die Prüfung besteht zu einem guten Teil aus Auswendig Lernen und es ist insgesamt relativ viel Stoff. ', 0, 37, '2018-06-05 19:31:35', ''),
(208, 149, -3, 0, 1, 'written', -3, -2, -1, 1, '', 'ss15', 5, 1, 'Bedingt weiterzuempfehlen. Inhaltlich nicht uninteressant, aber hartes Auswendig Lernen.', 0, 24, '2018-06-05 19:32:23', ''),
(209, 89, -1, 2, 1, 'written', -2, -1, 3, 1, '', 'ws13-14', 7, 1, 'Spannende Vorlesung, allerdings sehr hoher Lernaufwand für 3 ECTS. Gute Vorbereitung ist für die Klausur wichtig. ', 0, 37, '2018-06-05 19:33:13', ''),
(210, 178, -3, 0, 2, 'written', -2, -1, -1, 1, '', 'ss15', 5, 1, 'Thematisch nicht uninteressant. Prüfung v.a. auswendig lernen und nicht gerade nett bewertet.', 0, 24, '2018-06-05 19:34:13', ''),
(211, 19, 0, -1, 2, 'written', -2, -1, -1, 1, '', 'ss13', 8, 1, 'Faire Prüfung', 0, 37, '2018-06-05 19:34:55', ''),
(212, 212, -2, 1, 2, 'written', -2, -1, 0, 1, '', 'ss16', 7, 1, 'Vorlesung ist richtig interessant, versch. Cases und Diskussionen. Prüfung v.a. auswendig lernen.', 0, 24, '2018-06-05 19:35:30', ''),
(213, 101, -1, 1, 2, 'written', -2, -1, 1, 1, '', 'ws13-14', 8, 1, 'Spannende Einblicke in die Politik der Energiewirtschaft. Aufwand für 3,5 ECTS allerdings etwas hoch. ', 0, 37, '2018-06-05 19:36:36', ''),
(214, 141, -1, 1, -2, 'written', 2, -3, 2, 2, '', 'ss13', 8, 1, 'ÖR1 und ÖR2 können in beliebiger Reihenfolge absolviert werden. Spannende Einblicke in die juristische Welt. Wenn man das Schema des Gutachten-Stils einmal verstanden hat, ist mit etwas Übung die Klausur gut machbar. ', 0, 37, '2018-06-05 19:39:14', ''),
(215, 22, -1, -2, 2, 'written', -1, 2, -1, 0, '', 'ws13-14', 7, 1, 'Muss man ja sowieso hören. Der Prof. ist nicht so gut im Halten von Vorlesungen, die Klausur ist aber mit Übungen und co. super machbar!', 0, 24, '2018-06-05 19:39:49', ''),
(216, 143, 1, 1, 0, 'written', 2, -3, 2, 2, '', 'ss12', 8, 1, 'ÖR1 und ÖR2 können in beliebiger Reihenfolge absolviert werden. Spannende Einblicke in die juristische Welt. Wenn man das Schema des Gutachten-Stils einmal verstanden hat, ist mit etwas Übung die Klausur gut machbar. ', 0, 37, '2018-06-05 19:40:14', ''),
(217, 37, -2, -1, 2, 'written', 1, -3, 1, 2, '', 'ws12-13', 8, 1, 'Wenn man das Schema des Gutachten-Stils einmal verstanden hat, ist mit etwas Übung die Klausur gut machbar. Übungen zur VL sollte man auf jeden Fall besuchen, die VL braucht man nicht. ', 0, 37, '2018-06-05 19:41:51', ''),
(218, 5, -2, -1, 2, 'written', -2, -1, -1, 1, '', 'ws13-14', 5, 1, 'Muss man ja sowieso hören, Rundumschlag und viel Reproduktion.', 0, 24, '2018-06-05 19:42:02', ''),
(219, 555, -2, -1, 2, 'written', -1, 2, 0, 2, '', 'ws11-12', 8, 1, 'Für die Prüfung: Üben, Üben, Üben, Üben,... bis ihr die Aufgaben im Schlaf könnt', 0, 37, '2018-06-05 19:43:57', ''),
(220, 27, -1, 2, 2, 'written', -2, 2, 0, 3, '', 'ss14', 7, 1, 'Marketing ist eine super Vorlesung, die Prüfung davon jedoch reine Reproduktion. Der zweite Teil scheint mehr ein Einschub zu sein, mit Tutorien alles super machbar!', 0, 24, '2018-06-05 19:44:35', ''),
(221, 195, 1, 1, 2, 'written', 0, 1, 1, 2, '', 'ws10-11', 8, 1, 'Programmier-Aufgaben aus dem Tutorium selber machen, auch wenn es manchmal etwas Zeit kostet. Dadurch lernt man viel, z.T. auch Dinge, die man später an ganz anderen Stellen (z.B. in Praktika) gebrauchen kann.', 0, 37, '2018-06-05 19:46:13', ''),
(222, 156, -2, -1, 0, 'written', 0, 2, 0, 1, '', 'ss15', 5, 0, 'Man muss es ja hören. Die Vorlesung ist nicht wirklich empfehlenswert. Mit Übung, Übung, Übung ist es gut machbar!', 0, 24, '2018-06-05 19:46:36', ''),
(223, 555, -1, 0, 2, 'written', 0, 2, 1, -1, '', 'ws14-15', 3, 0, 'Mann muss es ja sowieso hören. Wir hatten damals einige recht unerwartete und unerwartet aufgeblähte Aufgaben in der Klausur. Viel viel rechnen üben, die erste Bewährungsprobe im Kampfrechnen.', 0, 24, '2018-06-05 19:49:54', ''),
(224, 92, -1, -1, 2, 'written', -1, 1, -1, 3, '', 'ss12', 8, 1, 'Reihenfolge von Info1 und Info2 ist egal. Für die Prüfung sind Tutorium und die groben Zusammenhänge aus der VL wichtig. ', 0, 37, '2018-06-05 19:51:25', ''),
(225, 85, -3, 0, 1, 'written', -1, 1, -1, 2, '', 'ws14-15', 7, 1, 'Übung war super, Vorlesung nicht nötig. Vor der Klausur vor allem das Gerechne üben, kaum Wissensfragen.', 0, 24, '2018-06-05 19:52:10', ''),
(226, 96, -1, -1, 2, 'written', -1, 1, -1, 2, '', 'ws11-12', 8, 1, 'Reihenfolge von Info1 und Info2 ist egal. Für die Prüfung sind Tutorium und die groben Zusammenhänge aus der VL wichtig. ', 0, 37, '2018-06-05 19:52:24', ''),
(227, 40, -3, 1, 1, 'written', -2, 2, -1, 2, '', 'ws14-15', 7, 1, 'Pflichtprogramm, wirklich sehr gut machbar. Kurze Vorbereitungszeit möglich.', 0, 24, '2018-06-05 19:53:35', ''),
(228, 227, 1, 2, 1, 'written', -2, 1, -1, 2, '', 'ws13-14', 7, 1, 'Interessante Grundlagen-Vorlesung. Klausur mit etwas Übung davor gut machbar. Ist aber auch einiges auswendig zu lernen.', 0, 24, '2018-06-05 19:54:50', ''),
(229, 242, 1, 2, -1, 'written', -2, 1, -1, 2, '', 'ws13-14', 8, 1, 'Wurde damals super gelesen, die Tutorien sind sehr relevant. Die Probe-Klausur war härter als die Hauptklausur, die war wirklich gut machbar!', 0, 24, '2018-06-05 19:57:08', '');
INSERT INTO `ratings` (`ID`, `subject_ID`, `lecture0`, `lecture1`, `lecture2`, `examType`, `exam0`, `exam1`, `exam2`, `exam3`, `examText`, `examSemester`, `general0`, `recommendation`, `comment`, `comment_rating`, `user_ID`, `time_stamp`, `time_stamp_change`) VALUES
(230, 244, -1, 1, -1, 'written', -1, 0, -1, 2, '', 'ss14', 6, 1, 'War damals ein etwas &#34;schnoddriger&#34; Dozent, aber sehr unterhaltsam. Vorlesung ist nicht relevant für die Prüfung, aber interessant.', 0, 24, '2018-06-05 19:58:39', ''),
(231, 211, -2, -2, -1, 'written', 0, 3, 1, -1, '', 'ss14', 3, 0, 'Ist seither stark geändert worden, daher ist die Bewertung schwierig vergleichbar. Damals wurde der Lehrstuhl nur in Vertretung geführt, daher eher Sparflamme.', 0, 24, '2018-06-05 20:00:32', ''),
(232, 214, -2, -2, -1, 'written', 1, 3, 2, -2, '', 'ws14-15', 3, 0, 'Ist seither stark geändert worden, daher ist die Bewertung schwierig vergleichbar. Damals wurde der Lehrstuhl nur in Vertretung geführt, daher eher Sparflamme.', 0, 24, '2018-06-05 20:01:30', ''),
(233, 453, 3, 2, 1, 'written', 3, 2, 3, 3, '', 'ss13', 9, 1, 'Sehr sehr rechenlastige Vorlesung.\nEs wird oft mit Ableitungen und zig Parametern hantiert, um am Ende eine makroökonomische Aussage zu treffen', 0, 36, '2018-06-05 20:03:15', ''),
(234, 250, 3, 2, 2, 'oral', 2, -3, -3, 3, '', 'ws17-18', 9, 1, 'Unbedingte Empfehlung, wenn man Lust auf Fallstudien hat und häufig dazu Abgaben und Reports erstellen möchte. Richtig viel Aufwand im Semester, dafür war die Prüfungsvorbereitung viel entspannter. Richtig gute Anwendung von Accounting!\nÜberschaubare Gruppe (15-20 Leute).', 0, 24, '2018-06-05 20:03:50', ''),
(235, 458, 3, 2, 1, 'written', 3, 2, 3, 2, '', 'ws12-13', 9, 1, 'Insgesamt verständlicher als Konjunkturtheorie, aber genauso rechenlastige.', 0, 36, '2018-06-05 20:04:52', ''),
(236, 425, 2, -1, 0, 'written', -1, 2, -1, 1, '', 'ws17-18', 7, 1, 'Sehr interessanter Einstieg in das Thema Valuation. Die Vorlesung ist methodisch nicht besonders gut, die Saalübung ist aber hochgradig relevant und ganz interessant. Die Prüfung ist sehr fair!', 0, 24, '2018-06-05 20:05:58', ''),
(237, 104, -1, 1, 2, 'written', -2, 1, 2, 2, '', 'ss13', 7, 1, 'Viel auswendig lernen.\nFragenkataloge existieren und bringen meist gute bis sehr gute Note', 0, 36, '2018-06-05 20:07:36', ''),
(238, 26, -2, -1, 2, 'written', 1, -2, 1, 2, '', 'ss16', 4, 1, 'Grundlagen werden vorausgesetzt.\nEs existieren Aufzeichnungen', 0, 36, '2018-06-05 20:08:45', ''),
(239, 314, -2, 1, 1, 'written', -2, -3, -1, 2, '', 'ws17-18', 5, 1, 'Rundumschlag in dem Thema, teilweise wirkten die behandelten Themen etwas willkürlich zusammengeworfen. Stark vorwiegend Reproduktion.', 0, 24, '2018-06-05 20:09:14', ''),
(240, 182, -1, -1, 2, 'written', -2, -2, -1, 2, '', 'ss16', 5, 1, 'Stupidest auswendig lernen', 0, 36, '2018-06-05 20:09:46', ''),
(241, 223, -2, 1, 2, 'written', -2, -1, -1, 2, '', 'ws15-16', 6, 1, 'Schwierigkeit der Klausur schwankt sehr stark. Insgesamt aber sehr machbar es Info-Fach', 0, 36, '2018-06-05 20:11:08', ''),
(242, 529, -2, 3, 2, 'written', -3, -3, -1, 3, '', 'ss17', 7, 1, 'Interessant für das Thema, allerdings reine Reproduktion in der Klausur. Recht interaktive und unterhaltsame Vorlesung, Übungen sehr lohnend (Bonus sehr billig zu haben).', 0, 24, '2018-06-05 20:11:37', ''),
(243, 504, 3, 2, 1, 'oral', 2, -1, 1, 2, '', 'ws14-15', 9, 1, 'Wird durch McKinsey-Consultant als Blockveranstaltung mit unmittelbar folgender mündlicher Prüfung gehalten.\nSehr faire Bewertung', 0, 36, '2018-06-05 20:12:35', ''),
(244, 348, 2, 1, -1, 'written', -3, 1, -1, 1, '', 'ss17', 7, 1, 'Thematisch sehr interessant, Vorlesungsqualität stark variabel. Die Übung ist 1:1 die Klausur gewesen, also wirklich sehr fair. Der Stoff ist dafür davor schon etwas schwerer zugänglich, aber machbar!', 0, 24, '2018-06-05 20:14:06', ''),
(245, 227, 1, 1, 2, 'written', 1, 2, -1, 2, '', 'ws11-12', 8, 1, 'Damals 3h-Klausur, dadurch überhaupt kein Zeitstress', 0, 36, '2018-06-05 20:14:32', ''),
(246, 211, 2, 1, 0, 'written', -1, 3, 1, 1, '', 'ws12-13', 0, 1, 'Manchmal nicht ganz einfache Inhalte, aber letzlich nützlich für das weitere Studium! ', 0, 2, '2018-06-05 20:14:42', ''),
(247, 40, -2, -1, 3, 'written', 1, 2, -1, 2, '', 'ss12', 8, 1, 'Ohne VL machbar.\nAlte Aufzeichnungen existieren.\nMenge an Stoff sehr überschaubar', 0, 36, '2018-06-05 20:16:01', ''),
(248, 194, -3, 1, 2, 'written', 1, -1, 1, -1, '', 'ws17-18', 5, 0, 'Inhaltlich nicht uninteressant und gut machbar. Die Klausur war damals allerdings nicht gerade fair gestellt (nicht unmöglich, aber in der Zeit der Klausur nicht gut möglich).', 0, 24, '2018-06-05 20:17:22', ''),
(249, 85, -2, -1, 2, 'written', 1, 2, -1, 2, '', 'ws12-13', 7, 1, 'Mit guten Physik-Kenntnissen aus der Schule geschenkt', 0, 36, '2018-06-05 20:17:26', ''),
(250, 96, 2, 1, 1, 'written', 1, 1, 2, 3, '', 'ss12', 8, 1, 'Umfangreiche Aufgabensammlung, die fast gar nicht komplett durchzuarbeiten ist. Ermöglicht aber sehr gute Vorbereitung auf Klausur', 0, 36, '2018-06-05 20:18:59', ''),
(251, 331, -2, 0, 2, 'written', 1, 1, 1, -1, '', 'ss17', 4, 0, 'Die Klausur war damals unerwartet viel an Definitionen und co. statt die (interessanteren) Algorithmen. Die Übung war nicht besonders gut gehalten.', 0, 24, '2018-06-05 20:19:43', ''),
(252, 205, -2, 0, 2, 'written', -2, 3, -1, 2, '', 'ss17', 7, 1, 'Klassische Klausur, wo man viel aus der Übung in sehr kurzer Zeit reproduzieren (rechnen) muss. Also viel üben, dann sehr gut machbar!', 0, 24, '2018-06-05 20:21:51', ''),
(253, 104, 1, 2, 1, 'written', -2, -1, 1, -1, '', 'ss17', 6, 1, 'Thematisch unglaublich umfassend und interessant. Die Prüfung ist dafür aber sehr krass in der Vorbereitung, da braucht man echt Zeit!', 0, 24, '2018-06-05 20:24:10', ''),
(254, 555, -2, 1, 2, 'written', -1, 3, 1, 2, '', 'ws12-13', 8, 1, 'Schwierigkeit hängt oftmals stark vom Dozenten ab. Vielzahl an Altklausuren vorhanden', 0, 36, '2018-06-05 20:25:29', ''),
(255, 522, 1, 2, 1, 'written', 1, -3, -2, 0, '', 'ws17-18', 8, 1, 'Man schreibt mehrere Klausuren unter dem Semester, hat dabei sogar die Möglichkeit, einzelne zu streichen. Ohne das Recht-Modul im Master wohl kaum machbar, hier muss man Gutachten schreiben können!', 0, 24, '2018-06-05 20:26:29', ''),
(256, 195, 2, 1, 2, 'written', 1, -1, 2, 2, '', 'ws11-12', 9, 1, 'Arbeitsintensiver Übungsbetrieb. Auch für Leute ohne Vorkenntnisse absolut machbar.', 0, 36, '2018-06-05 20:27:14', ''),
(257, 539, -2, -2, 2, 'written', -3, -3, -1, 2, '', 'ss15', 6, 1, 'Auswendig lernen, auswendig lernen ... Mehr nicht. Klausur absolut fair gestellt.', 0, 36, '2018-06-05 20:29:26', ''),
(258, 37, 2, 1, 1, 'written', -2, -3, -1, 2, '', 'ws15-16', 7, 1, 'Sehr interessante Einführung in BGB, in der Vorlesung wird sehr viel der Gutachtenstil geübt, in der Klausur war dies aber kaum gefragt. Die Vorlesung ist daher sehr interaktiv, die Klausur recht viel auswendig lernen.', 0, 24, '2018-06-05 20:29:39', ''),
(259, 412, -3, -2, 2, 'written', -3, -3, -1, 2, '', 'ss15', 7, 1, 'Schwieriger zu lernen als EuWi, aber auch hier nur auswendig lernen. Klausur fair gestellt.', 0, 36, '2018-06-05 20:30:39', ''),
(260, 141, -1, 3, 0, 'written', -1, -3, 1, -1, '', 'ws15-16', 7, 1, 'Vorlesung wurde super gehalten, sehr interessante Einführung. Die Klausur ist fast ausschließlich Gutachten zu schreiben, das braucht Übung. Daher sollte man von Anfang an dabei bleiben und jede Übungsmöglichkeit mitnehmen.', 0, 24, '2018-06-05 20:31:38', ''),
(261, 143, -2, 0, -1, 'written', -1, -3, -1, 2, '', 'ws15-16', 7, 1, 'Ging aufgrund des parallelen Besuchs ähnlicher Veranstaltungen auch ohne Vorlesung, wiederum reiner Gutachtenstil. Also vorher üben!', 0, 24, '2018-06-05 20:32:59', ''),
(262, 94, 1, 1, 2, 'oral', 2, -1, -1, 2, '', 'ss17', 8, 1, 'Wurde als Blockveranstaltung gehalten. Viele Themen sehr intuitiv und nicht zwingend nur auf Logistik zutreffend. Prüfung sehr fair mit guter Note', 0, 36, '2018-06-05 20:33:08', ''),
(263, 167, -3, 0, 1, 'written', 1, 3, 1, -1, '', 'ws14-15', 5, 1, 'Muss man ja sowieso machen. Die Klausur war damals sehr fair, wurde allerdings seither auch immer mal wieder umgestellt.', 0, 24, '2018-06-05 20:34:21', ''),
(264, 165, -3, 0, 1, 'written', 1, 3, 1, 2, '', 'ss14', 5, 1, 'Muss man ja sowieso machen. Die Klausur war damals sehr fair, wurde allerdings seither auch immer mal wieder umgestellt.', 0, 24, '2018-06-05 20:35:11', ''),
(265, 167, 1, 0, 2, 'written', 2, 3, 1, 2, '', 'ws12-13', 8, 1, 'Vielleicht die Mathe-VL, die einem für den weiteren Verlauf des Studiums am meisten bringt. \nWar damals eine Koffer-Klausur (1 Ordner zulässig). Zeit aber so knapp bemessen, dass man eigentlich nicht reinschauen kann.', 0, 36, '2018-06-05 20:35:56', ''),
(266, 163, -3, 0, 1, 'written', 1, 3, 1, 2, '', 'ss14', 5, 1, 'Muss man ja sowieso machen. Die Klausur war damals sehr fair, wurde allerdings seither auch immer mal wieder umgestellt. Ist also schwierig vergleichbar.', 0, 24, '2018-06-05 20:36:22', ''),
(267, 165, -3, -1, 2, 'written', 1, 2, 1, 2, '', 'ss12', 7, 1, 'Machbare Klausur, weil teilweise Stoff aus Schulzeiten wiederholt und erweitert wird (Ableitungen, ...). ', 0, 36, '2018-06-05 20:38:02', ''),
(268, 161, -3, 0, 2, 'written', 1, 3, 2, 2, '', 'ws13-14', 5, 1, 'Muss man ja sowieso machen. Die Klausur war damals okay, Mathe ist halt zunächst gewöhnungsbedürftig.', 0, 24, '2018-06-05 20:38:10', ''),
(269, 158, -3, 0, 2, 'written', 1, 3, 1, 2, '', 'ws13-14', 5, 1, 'Muss man ja sowieso machen. Die Klausur war damals okay, Mathe ist halt zunächst gewöhnungsbedürftig.', 0, 24, '2018-06-05 20:38:44', ''),
(270, 158, -3, -1, 2, 'written', 2, 2, 1, 2, '', 'ws11-12', 8, 1, 'Erste Klausur im Studium. War damals fair gestellt. Mit guter Vorbereitung der Übungen und Tutorien machbar', 0, 36, '2018-06-05 20:40:26', ''),
(271, 167, 1, -2, 1, 'written', 3, 3, 2, -2, '', 'ws17-18', 0, 1, 'Man muss durch. Seit dem PD Winter die Veranstaltung übernommen hat, ist die Klausur ein absolutes Fiasko mit Durchfallquoten jenseits der 60%. Hier hilft nichts, außer sich auf seinen Arsch zu setzen und von Anfang an zu pauken. Die Klausur ist sehr Transferlastig, Aufgaben aus Übungen und Tutorien bilden zwar ein gutes Grundverständnis, dieses reicht zum Bestehen aber nicht. ', 0, 30, '2018-06-06 11:06:15', ''),
(272, 104, 1, 3, 3, 'written', -1, -1, 0, 2, '', 'ws15-16', 10, 1, 'Sehr spannende Verantaltung, Klausur benötigt viel Vorbereitungszeit. Dafür bleibt Inhalt bist heute hängen!', 0, 30, '2018-06-06 11:09:09', '');

-- --------------------------------------------------------

--
-- Tabellenstruktur für Tabelle `remember_me`
--

CREATE TABLE IF NOT EXISTS `remember_me` (
  `id` int(10) NOT NULL AUTO_INCREMENT,
  `user_id` int(10) NOT NULL,
  `series` varchar(100) COLLATE utf8_unicode_ci NOT NULL,
  `token` varchar(100) COLLATE utf8_unicode_ci NOT NULL,
  PRIMARY KEY (`id`)
) ENGINE=InnoDB  DEFAULT CHARSET=utf8 COLLATE=utf8_unicode_ci AUTO_INCREMENT=53 ;

--
-- Daten für Tabelle `remember_me`
--

INSERT INTO `remember_me` (`id`, `user_id`, `series`, `token`) VALUES
(8, 12, '549a2fac47d713cc00f2db498ad6b5574fb03c9293aef6c7ad50a11b394c197d', '9869a8a3a11a33284dc2bcc3d2e6ffd52cad30e2009c11dfe604e74dc21a887e'),
(17, 17, 'e7f6c011776e8db7cd330b54174fd76f7d0216b612387a5ffcfb81e6f0919683', '1be00341082e25c4e251ca6713e767f7131a2823b0052caf9c9b006ec512f6cb'),
(26, 12, 'c75cb66ae28d8ebc6eded002c28a8ba0d06d3a78c6b5cbf9b2ade051f0775ac4', '200dd69b70a88134b3a939de5f0b10c44a1675344329b9d9a5ad6b7342f978b2'),
(27, 12, '27d719c754aacd492a6dc8a1b76619355abcf5ef473cbec02018d3c57ebbf0d5', 'f57e5cb1f4532c008183057ecc94283801fcb5afe2d1c190e3dfd38c4da08042'),
(28, 10, '41cfc0d1f2d127b04555b7246d84019b4d27710a3f3aff6e7764375b1e06e05d', 'e888a676e1926d0c08b5f11fb9116df58b62604b05846f39f8d6fc4dd0ba31f1'),
(35, 28, '55e8ab098d48f8be5578e3d3708496d152a27c4c5713586a8d321ed84c239827', '7a84ae249fa744b8c1acb6c5247c2cf443e31870aa7217f4a9cd9b157dbd54ef'),
(37, 29, '6f90a5a0d3234433d03c7a06fc4bd5c3ac1f21f33978292fee61323e22238a92', 'd6420a4ee44bc345c7bf3a2efbab98e08a4727016df8e8d6bb8375d0a23a8c72'),
(39, 3, '41e521adf8ae7a0f419ee06e1d9fb794162369237b46f64bf5b2b9969b0bcd2e', '7559ca4a957c8c82ba04781cd66a68d6022229fca0e8e88d8e487c96ee4446d0'),
(40, 31, 'd1c78c9aa5dcb0991f46b25fbaaa359d7d5823ac7a2a94c4d4a31da42a26c24f', 'e7f6c011776e8db7cd330b54174fd76f7d0216b612387a5ffcfb81e6f0919683'),
(41, 12, 'ac1270c5058af65025e5b2a3e3014cea69460e7d9f159ae667028e1b6eab433e', '18beb4813723e788a1d79bcbf80802538ec813aa19ded2e9c21cbf08bed6bee3'),
(42, 33, '2d1007980f49215311f7f1012e84f99b801eb5daeca04dedea3ada41cc45353b', '388c2eafe5afd475492698c0995a2daf157eb3b3be8207391d3a023c97c8c034'),
(43, 28, '5feceb66ffc86f38d952786c6d696c79c2dbc239dd4e91b46729d73a27fb57e9', '40f8d6d22b99ea3388538fd60bbf532256434b0eac401df1d9a2bdbb29354ae8'),
(44, 35, '16badfc6202cb3f8889e0f2779b19218af4cbb736e56acadce8148aba9a7a9f8', '55e8ab098d48f8be5578e3d3708496d152a27c4c5713586a8d321ed84c239827'),
(45, 12, '1f09802c4beac758321ae8a9f94d752b0976c7d54baa6e511bba8a7374107bef', '734d0759cdb4e0d0a35e4fd73749aee287e4fdcc8648b71a8d6ed591b7d4cb3f'),
(47, 2, '8527a891e224136950ff32ca212b45bc93f69fbb801c3b1ebedac52775f99e61', '61a229bae1e90331edd986b6bbbe617f7035de88a5bf7c018c3add6c762a6e8d'),
(48, 37, '766cb53c753baedac5dc782593e04694b3bae3aed057ac2ff98cc1aef6413137', 'b3a8e0e1f9ab1bfe3a36f231f676f78bb30a519d2b21e6c530c0eee8ebb4a5d0'),
(49, 37, '4b8ba4b13094beaef100d3eb7d4c8e23600c30be4420c47e0d6b4e88dbd70abb', '4c970004b0678d439f177e77d3cabdb7e9a44df770948ddc2467cbc76b7211c3'),
(50, 2, 'f7abf2a084c3668c7b90654bf01205085e5d0219ffad0564904e5c923af11523', '865736a1c30a82dc67aba820360a01b1d9d0da5643234cd07c4d60b06eb530c5'),
(51, 36, 'ad57366865126e55649ecb23ae1d48887544976efea46a48eb5d85a6eeb4d306', '0c658eb5d61e88c86f37613342bbce6cbf278a9a86ba6514dc7e5c205f76c99f'),
(52, 30, '2cfd4b162e427e8e59a2fedf7d5d138eb696d08b98ad9765da0af1690c77b280', '04edd1d7736883194af3ddb232c337e53d17bc93cfd2140c4f4c4e0d966798b1');

-- --------------------------------------------------------

--
-- Tabellenstruktur für Tabelle `subjects`
--

CREATE TABLE IF NOT EXISTS `subjects` (
  `ID` int(11) NOT NULL AUTO_INCREMENT,
  `subject_name` varchar(100) NOT NULL,
  `identifier` varchar(100) NOT NULL,
  `lv_number` int(100) NOT NULL,
  `ECTS` varchar(100) NOT NULL,
  `semester` varchar(100) NOT NULL,
  `language` varchar(100) NOT NULL,
  `createdBy_ID` varchar(100) NOT NULL,
  `time_stamp` varchar(100) NOT NULL,
  `lastChangedBy_ID` int(100) NOT NULL,
  `time_stamp2` varchar(100) NOT NULL,
  PRIMARY KEY (`ID`),
  UNIQUE KEY `subject_name` (`subject_name`)
) ENGINE=InnoDB  DEFAULT CHARSET=utf8 AUTO_INCREMENT=556 ;

--
-- Daten für Tabelle `subjects`
--

INSERT INTO `subjects` (`ID`, `subject_name`, `identifier`, `lv_number`, `ECTS`, `semester`, `language`, `createdBy_ID`, `time_stamp`, `lastChangedBy_ID`, `time_stamp2`) VALUES
(5, 'Betriebswirtschaftslehre: Unternehmensführung und Informationswirtschaft', 'T-WIWI-102817', 12364785, '3', 'Winter', 'Deutsch', '1', '2017-11-09 19:43:42', 2, '2018-05-29 10:56:32'),
(6, 'Bahnsystemtechnik', 'T-MACH-102143', 2115919, '9', 'Ganzjährig', 'Deutsch', '8', '2017-11-09 20:44:16', 0, ''),
(7, 'Economics and Behaviour', 'T-WIWI-102892', 2560137, '4,5', 'Winter', 'Englisch', '9', '2017-11-09 20:59:50', 0, ''),
(8, 'Computational Economics', 'T-WIWI-102680', 2590458, '5', 'Winter', 'Englisch', '10', '2017-11-09 20:59:56', 2, '2017-11-20 05:01:55'),
(9, 'Baubetriebstechnik', 'T-BGU-101691', 6200410, '6', 'Sommer', 'Deutsch', '8', '2017-11-09 21:00:46', 0, ''),
(10, 'Bauökologie I', 'T-WIWI-102742', 2586404, '4,5', 'Winter', 'Deutsch', '8', '2017-11-09 21:04:39', 0, ''),
(11, 'eFinance: Informationswirtschaft für den Wertpapierhandel', 'T-WIWI-102600', 2540454, '4,5', 'Winter', 'Englisch', '9', '2017-11-09 21:06:23', 0, ''),
(12, 'Customer Relationship Management', 'T-WIWI-102595', 2540508, '4,5', 'Winter', 'Deutsch', '10', '2017-11-09 21:06:38', 0, ''),
(13, 'Bauökologie II', 'T-WIWI-102743', 2585404, '4,5', 'Sommer', 'Deutsch', '8', '2017-11-09 21:07:10', 0, ''),
(14, 'Fahreigenschaften von Kraftfahrzeugen', 'T-MACH-105152', 2113807, '3', 'Winter', 'Deutsch', '11', '2017-11-09 21:07:21', 0, ''),
(15, 'Fahreigenschaften von Kraftfahrzeugen II', 'T-MACH-105153', 2114838, '3', 'Sommer', 'Deutsch', '11', '2017-11-09 21:09:10', 0, ''),
(16, 'Betriebsstoffe für Verbrennungsmotoren', 'T-MACH-105184', 2133108, '4', 'Winter', 'Deutsch', '8', '2017-11-09 21:10:06', 2, '2018-01-17 21:30:06'),
(17, 'Fahrzeugkomfort und -akustik I', 'T-MACH-105154', 2113806, '3', 'Winter', 'Deutsch', '11', '2017-11-09 21:11:35', 0, ''),
(18, 'Fahrzeugkomfort und -akustik II', 'T-MACH-105155', 2114825, '3', 'Sommer', 'Deutsch', '11', '2017-11-09 21:13:50', 0, ''),
(19, 'Einführung in die Energiewirtschaft', 'T-WIWI-102746', 2581010, '5,5', 'Sommer', 'Deutsch', '9', '2017-11-09 21:15:21', 0, ''),
(20, 'Data Mining and Applications', 'T-WIWI-103066', 2520375, '4,5', 'Sommer', 'Deutsch', '10', '2017-11-09 21:15:42', 0, ''),
(21, 'Fahrzeugmechatronik I', 'T-MACH-105156', 2113816, '3', 'Winter', 'Deutsch', '11', '2017-11-09 21:18:47', 0, ''),
(22, 'Betriebswirtschaftslehre: Finanzwirtschaft und Rechnungswesen', 'T-WIWI-102819', 2610026, '4', 'Winter', 'Deutsch', '8', '2017-11-09 21:18:58', 0, ''),
(23, 'Datenbanksysteme', 'T-WIWI-102660', 2511200, '5', 'Sommer', 'Deutsch', '10', '2017-11-09 21:20:24', 2, '2017-11-20 04:55:19'),
(24, 'Einführung in die Finanzwissenschaft', 'T-WIWI-102877', 2560131, '4,5', 'Winter', 'Deutsch', '9', '2017-11-09 21:20:33', 0, ''),
(25, 'Fahrzeugreifen- und Räderentwicklung für PKW', 'T-MACH-102207', 2114845, '3', 'Sommer', 'Deutsch', '11', '2017-11-09 21:21:05', 0, ''),
(26, 'Datenbanksysteme und XML', 'T-WIWI-102661', 2511202, '5', 'Winter', 'Deutsch', '10', '2017-11-09 21:23:55', 2, '2017-11-20 05:02:37'),
(27, 'Betriebswirtschaftslehre: Produktionswirtschaft und Marketing', 'T-WIWI-102818', 2600024, '4', 'Sommer', 'Deutsch', '8', '2017-11-09 21:28:33', 0, ''),
(28, 'Fernerkundung', 'T-BGU-101636', 6020241, '4', 'Sommer', 'Deutsch', '11', '2017-11-09 21:29:25', 0, ''),
(29, 'Derivate', 'T-WIWI-102643', 2530550, '4,5', 'Sommer', 'Deutsch', '10', '2017-11-09 21:30:45', 0, ''),
(30, 'Einführung in die Spieltheorie', 'T-WIWI-102850', 2520525, '4,5', 'Sommer', 'Deutsch', '9', '2017-11-09 21:30:50', 2, '2018-05-23 22:38:13'),
(31, 'Fernerkundungsverfahren', 'T-BGU-103542', 0, '3', 'Unregelmäßig', 'Deutsch', '11', '2017-11-09 21:33:38', 10, '2018-04-25 19:43:56'),
(32, 'Advanced Topics in Economic Theory', 'T-WIWI-102609', 0, '4,5', 'Unregelmäßig', 'Deutsch', '1', '2017-11-09 21:33:59', 22, '2018-04-25 21:29:24'),
(33, 'Dienstleistungs- und B2B Marketing', 'T-WIWI-102806', 2572158, '3', 'Winter', 'Deutsch', '10', '2017-11-09 21:34:16', 0, ''),
(34, 'Einführung in die Stochastische Optimierung', 'T-WIWI-106546', 2550470, '4,5', 'Sommer', 'Deutsch', '9', '2017-11-09 21:34:25', 0, ''),
(35, 'Dokumentenmanagement und Groupwaresysteme', 'T-WIWI-102663', 2511212, '4', 'Sommer', 'Deutsch', '10', '2017-11-09 21:37:24', 2, '2017-11-20 05:03:04'),
(36, 'Agiles Produkt-Innovations-Management - MEHRWERT-getriebene Planung neuer Produkte', 'T-MACH-106744', 0, '4', 'Winter', 'Deutsch', '1', '2017-11-09 21:39:22', 0, ''),
(37, 'BGB für Anfänger', 'T-INFO-103339', 24012, '4', 'Winter', 'Deutsch', '8', '2017-11-09 21:40:02', 0, ''),
(38, 'Analyse multivariater Daten', 'T-WIWI-103063', 8, '4,5', 'Winter', 'Deutsch', '1', '2017-11-09 21:40:35', 1, '2017-11-09 21:43:55'),
(39, 'Fertigungstechnik', 'T-MACH-102105', 2149657, '9', 'Winter', 'Deutsch', '11', '2017-11-09 21:41:13', 0, ''),
(40, 'Einführung in die Technische Mechanik I: Statik und Festigkeitslehre', 'T-MACH-102208', 2162238, '3', 'Sommer', 'Deutsch', '9', '2017-11-09 21:42:44', 0, ''),
(41, 'Financial Accounting for Global Firms', 'T-WIWI-107505', 2530242, '4,5', 'Winter', 'Englisch', '11', '2017-11-09 21:44:56', 0, ''),
(42, 'Financial Econometrics', 'T-WIWI-103064', 0, '4,5', 'Unregelmäßig', 'Englisch', '11', '2017-11-09 21:49:29', 0, ''),
(43, 'BioMEMS - Mikrosystemtechnik für Life-Sciences und Medizin II', 'T-MACH-100967', 2142883, '3', 'Sommer', 'Deutsch', '8', '2017-11-09 21:51:25', 18, '2018-01-17 21:20:05'),
(44, 'Financial Management', 'T-WIWI-102605', 2530216, '4,5', 'Sommer', 'Deutsch', '11', '2017-11-09 21:52:29', 0, ''),
(45, 'BioMEMS - Mikrosystemtechnik für Life-Sciences und Medizin III', 'T-MACH-100968', 2142879, '3', 'Sommer', 'Deutsch', '8', '2017-11-09 21:52:57', 18, '2018-01-17 21:20:43'),
(46, 'Analytisches CRM', 'T-WIWI-102596', 2540522, '4,5', 'Sommer', 'Deutsch', '1', '2017-11-09 21:53:07', 0, ''),
(47, 'Finanzintermediation', 'T-WIWI-102623', 2530232, '4,5', 'Winter', 'Deutsch', '11', '2017-11-09 21:53:57', 0, ''),
(48, 'Einführung in die Technische Mechanik II: Dynamik', 'T-MACH-102210', 2161276, '5', 'Winter', 'Deutsch', '9', '2017-11-09 21:54:38', 0, ''),
(49, 'Anforderungsanalyse und -management', 'T-WIWI-102759', 2511218, '4', 'Winter', 'Deutsch', '1', '2017-11-09 21:55:22', 2, '2017-11-20 05:00:19'),
(50, 'Enführung in die Wirtschaftspolitik', 'T-WIWI-103213', 2560280, '4,5', 'Sommer', 'Deutsch', '9', '2017-11-09 21:57:15', 0, ''),
(51, 'Fluidtechnik', 'T-MACH-102093', 2114093, '5', 'Winter', 'Deutsch', '11', '2017-11-09 21:58:28', 0, ''),
(52, 'Angewandte Informatik I - Modellierung', 'T-WIWI-102652', 2511030, '4,5', 'Winter', 'Deutsch', '1', '2017-11-09 21:58:30', 2, '2017-11-20 04:53:12'),
(53, 'Angewandte Informatik II - Informatiksysteme für eCommerce', 'T-WIWI-102651', 2511032, '4,5', 'Sommer', 'Englisch', '1', '2017-11-09 22:00:48', 2, '2017-11-20 04:54:20'),
(54, 'Bionik für Ingenieure und Naturwissenschaftler', 'T-MACH-102172', 2142140, '3', 'Sommer', 'Deutsch', '8', '2017-11-09 22:02:04', 18, '2018-01-17 21:22:59'),
(55, 'Anwendung der Technischen Logistik am Beispiel moderner Krananlagen', 'T-MACH-105149', 0, '4', 'Winter', 'Deutsch', '1', '2017-11-09 22:05:48', 22, '2018-04-25 22:06:50'),
(56, 'Foundations of Digital Services A', 'T-WIWI-105771', 2595466, '4,5', 'Sommer', 'Englisch', '11', '2017-11-09 22:06:25', 0, ''),
(57, 'Anwendung der Technischen Logistik in der Warensortier- und - verteiltechnik', 'T-MACH-102092', 0, '4', 'Sommer', 'Deutsch', '1', '2017-11-09 22:06:52', 22, '2018-04-25 22:08:25'),
(58, 'Börsen', 'T-WIWI-102625', 2530296, '1,5', 'Sommer', 'Deutsch', '8', '2017-11-09 22:08:11', 18, '2018-01-17 21:24:04'),
(59, 'Anwendungen der KI', 'T-WIWI-106564', 2511314, '5', 'Winter', 'Deutsch', '1', '2017-11-09 22:08:34', 2, '2017-11-20 04:56:29'),
(60, 'Asset Management', 'T-WIWI-102879', 2530219, '3', 'Winter', 'Englisch', '1', '2017-11-09 22:10:29', 0, ''),
(61, 'Foundations of Digital Services B', 'T-WIWI-105775', 2540423, '4,5', 'Winter', 'Englisch', '11', '2017-11-09 22:10:33', 0, ''),
(62, 'Auction & Mechanism Design', 'T-WIWI-102876', 2560550, '4,5', 'Sommer', 'Englisch', '1', '2017-11-09 22:12:34', 0, ''),
(63, 'Anlagen und Fahrzeuge des öffentlichen Verkehrs', 'T-BGU-104580', 6234802, '1,5', 'Sommer', 'Deutsch', '9', '2017-11-09 22:13:26', 0, ''),
(64, 'BUS-Steuerungen', 'T-MACH-102150', 2114092, '3', 'Sommer', 'Deutsch', '8', '2017-11-09 22:15:33', 18, '2018-01-17 21:41:08'),
(65, 'Aufbau und Betrieb von Leistungstransformatoren', 'T-ETIT-101925', 23390, '3', 'Ganzjährig', 'Deutsch', '1', '2017-11-09 22:16:44', 0, ''),
(66, 'Gasmotoren', 'T-MACH-102197', 0, '4', 'Sommer', 'Deutsch', '11', '2017-11-09 22:17:39', 0, ''),
(67, 'Aufbau und Eigenschaften verschleißfester Werkstoffe', 'T-MACH-102141', 2194643, '4', 'Sommer', 'Deutsch', '1', '2017-11-09 22:20:33', 16, '2018-01-17 21:01:13'),
(68, 'Hydrologie', 'T-BGU-101693', 6200513, '4', 'Winter', 'Deutsch', '8', '2017-11-09 22:24:27', 0, ''),
(69, 'Geological Hazards and Risks für Nebenfachstudierende', 'T-PHYS-103117', 4060121, '4', 'Winter', 'Deutsch', '11', '2017-11-09 22:24:36', 2, '2018-01-17 21:41:45'),
(70, 'Grundlagen Spurgeführte Transportsysteme', 'T-BGU-104580', 6200518, '3', 'Winter', 'Deutsch', '9', '2017-11-09 22:30:05', 0, ''),
(71, 'Industrieökonomie', 'T-WIWI-102844', 2560238, '4,5', 'Unregelmäßig', 'Deutsch', '8', '2017-11-09 22:30:40', 0, ''),
(72, 'Gesamtfahrzeugbewertung im virtuellen Fahrversuch', 'T-MACH-102177', 0, '3', 'Sommer', 'Deutsch', '11', '2017-11-09 22:30:41', 15, '2018-01-17 21:02:53'),
(73, 'Ausgewählte Anwendungen der Technischen Logistik', 'T-MACH-102160', 2118087, '4', 'Sommer', 'Deutsch', '1', '2017-11-09 22:31:49', 16, '2018-01-17 21:10:21'),
(74, 'Geschäftspolitik der Kreditinstitute', 'T-WIWI-102626', 2530299, '3', 'Winter', 'Deutsch', '11', '2017-11-09 22:33:56', 2, '2018-01-17 21:20:51'),
(75, 'Ausgewählte Anwendungen der Technischen Logistik und Projekt', 'T-MACH-102161', 2118088, '6', 'Sommer', 'Deutsch', '1', '2017-11-09 22:34:25', 16, '2018-01-17 21:11:20'),
(76, 'Elektrische Energienetze', 'T-ETIT-100830', 23371, '6', 'Winter', 'Deutsch', '9', '2017-11-09 22:36:04', 0, ''),
(77, 'Ausgewählte Kapitel der Optik und Mikrooptik für Maschinenbauer', 'T-MACH-102165', 2143892, '3', 'Ganzjährig', 'Deutsch', '1', '2017-11-09 22:36:26', 16, '2018-01-17 21:14:16'),
(78, 'Information Engineering', 'T-MACH-102209', 2122014, '3', 'Sommer', 'Englisch', '8', '2017-11-09 22:36:38', 0, ''),
(79, 'Elektroenergiesysteme', 'T-ETIT-101923', 23391, '5', 'Sommer', 'Deutsch', '9', '2017-11-09 22:37:24', 0, ''),
(80, 'Globale Optimierung I', 'T-WIWI-102726', 2550134, '4,5', 'Winter', 'Deutsch', '11', '2017-11-09 22:38:21', 15, '2018-01-17 21:27:36'),
(81, 'Globale Optimierung I und II', 'T-WIWI-103638', 0, '9', 'Ganzjährig', 'Deutsch', '11', '2017-11-09 22:39:54', 10, '2018-04-25 21:06:57'),
(82, 'Automotive Engineering I', 'T-MACH-102203', 2113809, '6', 'Winter', 'Englisch', '1', '2017-11-09 22:40:39', 0, ''),
(83, 'Information Service Engineering', 'T-WIWI-106423', 2511606, '5', 'Sommer', 'Englisch', '8', '2017-11-09 22:40:47', 2, '2017-11-20 05:04:07'),
(84, 'Globale Optimierung II', 'T-WIWI-102727', 2550136, '4,5', 'Winter', 'Deutsch', '11', '2017-11-09 22:42:10', 15, '2018-01-17 21:29:26'),
(85, 'Elektrotechnik I für Wirtschaftsingenieure', 'T-ETIT-100533', 23223, '3', 'Winter', 'Deutsch', '9', '2017-11-09 22:42:48', 0, ''),
(86, 'Grundlagen der Fahrzeugtechnik I', 'T-MACH-100092', 2113805, '6', 'Winter', 'Deutsch', '11', '2017-11-09 22:43:58', 0, ''),
(87, 'Elektrotechnik II für Wirtschaftsingenieure', 'T-ETIT-100534', 23224, '5', 'Sommer', 'Deutsch', '9', '2017-11-09 22:44:22', 0, ''),
(88, 'Keramik-Grundlagen', 'T-MACH-100287', 2125757, '6', 'Winter', 'Deutsch', '1', '2017-11-09 22:44:39', 0, ''),
(89, 'Grundlagen der Fahrzeugtechnik II', 'T-MACH-102117', 214835, '3', 'Sommer', 'Deutsch', '11', '2017-11-09 22:45:14', 0, ''),
(90, 'Informationsmanagement in der Produktion', 'T-MACH-105937', 0, '4', 'Sommer', 'Deutsch', '8', '2017-11-09 22:47:52', 0, ''),
(91, 'Klimatologie', 'T-PHYS-101092', 4051111, '0', 'Sommer', 'Deutsch', '1', '2017-11-09 22:49:21', 0, ''),
(92, 'Grundlagen der Informatik I', 'T-WIWI-102749', 2511010, '5', 'Sommer', 'Deutsch', '11', '2017-11-09 22:49:23', 0, ''),
(93, 'Elemente und Systeme der Technischen Logistik', 'T-MACH-102159', 0, '4', 'Winter', 'Deutsch', '9', '2017-11-09 22:50:31', 0, ''),
(94, 'Informationssysteme in Logistik und Supply Chain Management', 'T-MACH-102128', 2118094, '4', 'Sommer', 'Deutsch', '8', '2017-11-09 22:51:16', 10, '2018-01-17 21:30:52'),
(95, 'Knowledge Discovery', 'T-WIWI-102666', 2511302, '5', 'Winter', 'Englisch', '1', '2017-11-09 22:51:36', 2, '2017-11-20 05:04:39'),
(96, 'Grundlagen der Informatik II', 'T-WIWI-102707', 2511012, '5', 'Winter', 'Deutsch', '11', '2017-11-09 22:51:50', 0, ''),
(97, 'Energieeffiziente Intralogistiksysteme', 'T-MACH-105151', 2117500, '4', 'Winter', 'Deutsch', '9', '2017-11-09 22:52:51', 22, '2018-04-25 22:09:34'),
(98, 'Lager- und Distributionssysteme', 'T-MACH-105174', 2118097, '4', 'Sommer', 'Deutsch', '1', '2017-11-09 22:54:55', 17, '2018-01-17 21:22:20'),
(99, 'Grundlagen der katalytischen Abgasnachbehandlung bei Verbrennungs- motoren', 'T-MACH-105044', 2134138, '4', 'Sommer', 'Deutsch', '11', '2017-11-09 22:57:04', 0, ''),
(100, 'Integrative Strategien und deren Umsetzung in Produktion und Entwicklung von Sportwagen', 'T-MACH-105188', 2150601, '4', 'Sommer', 'Deutsch', '8', '2017-11-09 22:57:07', 10, '2018-01-17 21:54:53'),
(101, 'Energiepolitik', 'T-WIWI-102607', 2581959, '3,5', 'Sommer', 'Deutsch', '9', '2017-11-09 22:57:17', 0, ''),
(102, 'Logistics and Supply Chain Management', 'T-WIWI-102870', 2581996, '3,5', 'Sommer', 'Englisch', '1', '2017-11-09 22:58:41', 0, ''),
(103, 'Grundlagen der Mikrosystemtechnik I', 'T-MACH-105182', 2141861, '3', 'Winter', 'Englisch', '11', '2017-11-09 22:59:25', 0, ''),
(104, 'Integrierte Produktionsplanung', 'T-MACH-102106', 2150660, '9', 'Sommer', 'Deutsch', '8', '2017-11-09 22:59:27', 0, ''),
(105, 'Logistik - Aufbau, Gestaltung und Steuerung von Logistiksystemen', 'T-MACH-102089', 2118078, '6', 'Sommer', 'Deutsch', '1', '2017-11-09 23:01:04', 0, ''),
(106, 'International Marketing', 'T-WIWI-102807', 2572155, '1,5', 'Winter', 'Englisch', '8', '2017-11-09 23:01:38', 0, ''),
(107, 'Energieumsetzung und Wirkungsgradsteigerung bei Verbrennungsmotoren', 'T-MACH-105564', 2133121, '4', 'Sommer', 'Deutsch', '9', '2017-11-09 23:02:03', 0, ''),
(108, 'Logistik in der Automobilindustrie', 'T-MACH-105165', 2118085, '4', 'Sommer', 'Deutsch', '1', '2017-11-09 23:02:05', 22, '2018-04-25 21:49:12'),
(109, 'Grundlagen der Mikrosystemtechnik II', 'T-MACH-105183', 2142874, '3', 'Sommer', 'Englisch', '11', '2017-11-09 23:03:04', 0, ''),
(110, 'Logistiksysteme auf Flughäfen', 'T-MACH-105175', 2117056, '4', 'Winter', 'Deutsch', '1', '2017-11-09 23:04:19', 21, '2018-04-25 20:11:28'),
(111, 'Enterprise Architecture Management', 'T-WIWI-102668', 2511600, '5', 'Winter', 'Deutsch', '9', '2017-11-09 23:04:22', 2, '2017-11-20 05:03:36'),
(112, 'Internationale Finanzierung', 'T-WIWI-102646', 2530570, '3', 'Sommer', 'Deutsch', '8', '2017-11-09 23:06:20', 10, '2018-01-17 22:07:40'),
(113, 'Grundlagen der Produktionswirtschaft', 'T-WIWI-102606', 2581950, '5,5', 'Sommer', 'Deutsch', '11', '2017-11-09 23:06:52', 0, ''),
(114, 'Enterprise Risk Management', 'T-WIWI-102608', 2530326, '4,5', 'Winter', 'Deutsch', '9', '2017-11-09 23:07:33', 0, ''),
(115, 'Investments', 'T-WIWI-102604', 2530575, '4,5', 'Sommer', 'Deutsch', '8', '2017-11-09 23:07:40', 0, ''),
(116, 'Management Accounting 1', 'T-WIWI-102800', 2579900, '4,5', 'Sommer', 'Deutsch', '1', '2017-11-09 23:08:17', 0, ''),
(117, 'Grundlagen der Technischen Logistik', 'T-MACH-102163', 2117095, '6', 'Winter', 'Deutsch', '11', '2017-11-09 23:08:32', 15, '2018-01-17 21:50:45'),
(118, 'Management Accounting 2', 'T-WIWI-102801', 2579902, '4,5', 'Winter', 'Englisch', '1', '2017-11-09 23:09:00', 0, ''),
(119, 'Entscheidungstheorie', 'T-WIWI-102792', 2520365, '4,5', 'Winter', 'Deutsch', '9', '2017-11-09 23:10:16', 0, ''),
(120, 'Management von Informatik-Projekten', 'T-WIWI-102667', 2511214, '5', 'Sommer', 'Deutsch', '1', '2017-11-09 23:10:28', 2, '2017-11-20 05:05:19'),
(121, 'Grundlagen für mobile Business', 'T-WIWI-104679', 2511226, '5', 'Sommer', 'Deutsch', '11', '2017-11-09 23:11:03', 2, '2017-11-20 04:56:59'),
(122, 'Marketing Mix', 'T-WIWI-102805', 2571152, '4,5', 'Sommer', 'Deutsch', '1', '2017-11-09 23:12:48', 0, ''),
(123, 'Nanotechnologie mit Clustern', 'T-MACH-102080', 2143876, '3', 'Winter', 'Deutsch', '8', '2017-11-09 23:12:54', 0, ''),
(124, 'Grundlagen zur Konstruktion von Kraftfahrzeugaufbauten I', 'T-MACH-102116', 2113814, '1,5', 'Winter', 'Deutsch', '11', '2017-11-09 23:13:20', 0, ''),
(125, 'Naturinspirierte Optimierungsverfahren', 'T-WIWI-102679', 2511106, '5', 'Sommer', 'Englisch', '8', '2017-11-09 23:14:20', 18, '2018-01-17 21:50:24'),
(126, 'Maschinelles Lernen 1 - Grundverfahren', 'T-WIWI-106340', 24150, '5', 'Winter', 'Deutsch', '1', '2017-11-09 23:14:33', 2, '2017-11-20 05:06:09'),
(127, 'Grundlagen zur Konstruktion von Kraftfahrzeugaufbauten II', 'T-MACH-102119', 2114840, '1,5', 'Sommer', 'Deutsch', '11', '2017-11-09 23:14:52', 0, ''),
(128, 'Erzeugung elektrischer Energie', 'T-ETIT-101924', 23356, '3', 'Winter', 'Deutsch', '9', '2017-11-09 23:15:37', 0, ''),
(129, 'Maschinelles Lernen 2 - Fortgeschrittene Verfahren', 'T-WIWI-106341', 2511502, '5', 'Sommer', 'Deutsch', '1', '2017-11-09 23:16:12', 2, '2017-11-20 05:06:34'),
(130, 'Neue Aktoren und Sensoren', 'T-MACH-102152', 2141865, '4', 'Winter', 'Deutsch', '8', '2017-11-09 23:16:21', 0, ''),
(131, 'Grundsätze der Nutzfahrzeugentwicklung I', 'T-MACH-105160', 2113812, '1,5 ', 'Winter', 'Deutsch', '11', '2017-11-09 23:16:50', 0, ''),
(132, 'Materialfluss in Logistiksystemen', 'T-MACH-102151', 2117051, '6', 'Winter', 'Deutsch', '1', '2017-11-09 23:17:02', 16, '2018-01-17 21:45:42'),
(133, 'Grundsätze der Nutzfahrzeugentwicklung II', 'T-MACH-105161', 2114844, '1,5', 'Sommer', 'Deutsch', '11', '2017-11-09 23:18:56', 0, ''),
(134, 'Nichtlineare Optimierung I', 'T-WIWI-102724', 2550111, '4,5', 'Ganzjährig', 'Deutsch', '8', '2017-11-09 23:19:21', 0, ''),
(135, 'Materialien und Prozesse für den Karosserieleichtbau in der Automobilindustrie', 'T-MACH-105166', 2149669, '4', 'Winter', 'Deutsch', '1', '2017-11-09 23:20:01', 0, ''),
(136, 'Nichtlineare Optimierung I und II', 'T-WIWI-103637', 2550111, '9', 'Ganzjährig', 'Deutsch', '8', '2017-11-09 23:20:41', 0, ''),
(137, 'Grundsätze der PKW-Entwicklung I', 'T-MACH-105162', 2113810, '1,5', 'Winter', 'Deutsch', '11', '2017-11-09 23:21:16', 0, ''),
(138, 'Nichtlineare Optimierung II', 'T-WIWI-102725', 2550113, '4,5', 'Winter', 'Deutsch', '8', '2017-11-09 23:22:21', 0, ''),
(139, 'Grundsätze der PKW-Entwicklung II', 'T-MACH-105163', 2114842, '1,5', 'Sommer', 'Deutsch', '11', '2017-11-09 23:23:26', 0, ''),
(140, 'Öffentliche Einnahmen', 'T-WIWI-102739', 2560120, '4,5', 'Sommer', 'Deutsch', '8', '2017-11-09 23:26:31', 16, '2018-01-17 21:50:59'),
(141, 'Öffentliches Recht I - Grundlagen', 'T-INFO-101963', 24016, '3', 'Ganzjährig', 'Deutsch', '8', '2017-11-09 23:28:13', 0, ''),
(142, 'Personalmanagement', 'T-WIWI-102909', 2573003, '4,5', 'Winter', 'Deutsch', '11', '2017-11-09 23:28:29', 0, ''),
(143, 'Öffentliches Recht II - Öffentliches Wirtschaftsrecht', 'T-INFO-102042', 24520, '3', 'Ganzjährig', 'Deutsch', '8', '2017-11-09 23:29:23', 0, ''),
(144, 'Operatives CRM', 'T-WIWI-102597', 2540522, '4,5', 'Winter', 'Deutsch', '8', '2017-11-09 23:30:33', 0, ''),
(145, 'Personalpolitik und Arbeitsmarktinstitutionen', 'T-WIWI-102908', 2573001, '4,5', 'Sommer', 'Deutsch', '11', '2017-11-09 23:30:40', 0, ''),
(146, 'Optimierungsansätze unter Unsicherheit', 'T-WIWI-106545', 0, '5', 'Unregelmäßig', 'Deutsch', '8', '2017-11-09 23:32:03', 16, '2018-01-17 22:03:23'),
(147, 'Optoelectronic Components', 'T-ETIT-101907', 23486, '4', 'Unregelmäßig', 'Englisch', '8', '2017-11-09 23:35:47', 0, ''),
(148, 'Physik für Ingenieure', 'T-MACH-100530', 2142890, '6', 'Sommer', 'Deutsch', '11', '2017-11-09 23:39:22', 0, ''),
(149, 'Organisationsmanagement', 'T-WIWI-102630', 2577902, '3,5', 'Winter', 'Deutsch', '8', '2017-11-09 23:40:00', 16, '2018-01-17 22:09:50'),
(150, 'Qualitätsmanagement', 'T-MACH-102107', 2149667, '4', 'Winter', 'Deutsch', '8', '2017-11-09 23:41:18', 18, '2018-01-17 22:02:05'),
(151, 'Physikalische Grundlagen der Lasertechnik', 'T-MACH-102102', 2181612, '5', 'Ganzjährig', 'Deutsch', '11', '2017-11-09 23:42:20', 0, ''),
(152, 'Real Estate Management I', 'T-WIWI-102744', 2586400, '4,5', 'Winter', 'Deutsch', '8', '2017-11-09 23:44:10', 0, ''),
(153, 'Real Estate Management II', 'T-WIWI-102745', 2585400, '4,5', 'Sommer', 'Deutsch', '8', '2017-11-09 23:45:17', 0, ''),
(154, 'Plattformökonomie', 'T-WIWI-107506', 792540468, '4,5', 'Winter', 'Englisch', '11', '2017-11-09 23:46:23', 0, ''),
(155, 'Rechnerintegrierte Planung neuer Produkte', 'T-MACH-102125', 0, '4', 'Winter', 'Deutsch', '8', '2017-11-09 23:47:08', 15, '2018-01-17 22:00:46'),
(156, 'Rechnungswesen', 'T-WIWI-102816', 2600002, '4', 'Winter', 'Deutsch', '8', '2017-11-09 23:50:22', 0, ''),
(157, 'PLM für mechatronische Produktentwicklung', 'T-MACH-102181', 2122376, '4', 'Ganzjährig', 'Deutsch', '11', '2017-11-09 23:50:29', 0, ''),
(158, 'Mathematik 1 - Semesterklausur', 'T-MATH-102261', 0, '3,5', 'Winter', 'Deutsch', '1', '2017-11-09 23:52:01', 1, '2017-11-09 23:53:23'),
(159, 'Renewable Energy-Resources, Technologies and Economics', 'T-WIWI-100806', 2581012, '3,5', 'Winter', 'Englisch', '8', '2017-11-09 23:52:32', 10, '2018-04-25 20:12:54'),
(160, 'Polymerengineering I', 'T-MACH-102137', 2173590, '4', 'Ganzjährig', 'Deutsch', '11', '2017-11-09 23:54:15', 0, ''),
(161, 'Mathematik 1 - Abschlussklausur', 'T-MATH-102261', 0, '3,5', 'Winter', 'Deutsch', '1', '2017-11-09 23:54:23', 0, ''),
(162, 'Semantic Web Technologien', 'T-WIWI-102874', 2511310, '5', 'Sommer', 'Englisch', '8', '2017-11-09 23:54:59', 2, '2017-11-20 05:08:20'),
(163, 'Mathematik 2 - Abschlussklausur', 'T-MATH-102263', 0, '3,5', 'Sommer', 'Deutsch', '1', '2017-11-09 23:55:04', 0, ''),
(164, 'Polymerengineering II', 'T-MACH-102138', 2174596, '4', 'Ganzjährig', 'Deutsch', '11', '2017-11-09 23:55:27', 0, ''),
(165, 'Mathematik 2 - Semesterklausur', 'T-MATH-102262', 0, '3,5', 'Sommer', 'Deutsch', '1', '2017-11-09 23:57:09', 0, ''),
(166, 'Service Oriented Computing', 'T-WIWI-105801', 2511308, '5', 'Sommer', 'Deutsch', '8', '2017-11-09 23:57:50', 2, '2017-11-20 05:08:53'),
(167, 'Mathematik 3 - Abschlussklausur', 'T-MATH-102264', 0, '7', 'Winter', 'Deutsch', '1', '2017-11-09 23:58:07', 23, '2018-06-05 19:36:08'),
(168, 'Sichere Mechatronische Systeme', 'T-MACH-105277', 2118077, '4', 'Ganzjährig', 'Deutsch', '8', '2017-11-09 23:58:53', 22, '2018-04-25 22:11:32'),
(169, 'Principles of Insurance Management', 'T-WIWI-102603', 2530055, '4,5', 'Sommer', 'Deutsch', '11', '2017-11-09 23:59:35', 0, ''),
(170, 'Meteorologische Naturgefahren', 'T-PHYS-101557', 4052121, '0', 'Sommer', 'Deutsch', '1', '2017-11-09 23:59:43', 0, ''),
(171, 'Methoden zur Analyse der motorischen Verbrennung', 'T-MACH-105167', 2134134, '4', 'Sommer', 'Deutsch', '1', '2017-11-10 00:01:18', 0, ''),
(172, 'Sichere Tragwerke der Technischen Logistik', 'T-MACH-105200', 2117065, '4', 'Winter', 'Deutsch', '8', '2017-11-10 00:01:38', 22, '2018-04-25 22:10:40'),
(173, 'Mikroaktorik', 'T-MACH-101910', 2142881, '3', 'Sommer', 'Deutsch', '1', '2017-11-10 00:02:48', 0, ''),
(174, 'Simulation gekoppelter Systeme', 'T-MACH-105172', 2114095, '3', 'Ganzjährig', 'Deutsch', '8', '2017-11-10 00:03:58', 0, ''),
(175, 'Mobile Arbeitsmaschinen', 'T-MACH-105168', 2114073, '9', 'Sommer', 'Deutsch', '1', '2017-11-10 00:04:50', 0, ''),
(176, 'Probabilistic Machine Learning for Finance and Data Science', 'T-WIWI-105712', 0, '4,5', 'Sommer', 'Deutsch', '11', '2017-11-10 00:04:53', 0, ''),
(177, 'Simulation I', 'T-WIWI-102627', 0, '4,5', 'Sommer', 'Deutsch', '8', '2017-11-10 00:06:19', 18, '2018-01-17 22:52:25'),
(178, 'Problemlösung, Kommunikation und Leadership', 'T-WIWI-102871', 0, '2', 'Sommer', 'Deutsch', '11', '2017-11-10 00:06:19', 2, '2018-04-29 23:01:16'),
(179, 'Simulation II', 'T-WIWI-102703', 0, '4,5', 'Ganzjährig', 'Deutsch', '8', '2017-11-10 00:07:12', 18, '2018-01-17 22:51:31'),
(180, 'Product Lifecycle Management', 'T-MACH-105147', 2121350, '6', 'Ganzjährig', 'Deutsch', '11', '2017-11-10 00:08:27', 0, ''),
(181, 'Software Engineering', 'T-WIWI-100809', 2511206, 'e', 'Sommer', 'Deutsch', '8', '2017-11-10 00:08:28', 2, '2017-11-20 04:57:28'),
(182, 'Software-Qualitätsmanagement', 'T-WIWI-102895', 2511208, '5', 'Sommer', 'Deutsch', '8', '2017-11-10 00:09:26', 2, '2017-11-20 05:10:15'),
(183, 'Mobilität und Infrastruktur', 'T-BGU-101791', 6200404, '9', 'Ganzjährig', 'Deutsch', '1', '2017-11-10 00:09:47', 0, ''),
(184, 'Solving Finance Problems using Machine Learning', 'T-WIWI-105714', 0, '4,5', 'Sommer', 'Deutsch', '8', '2017-11-10 00:10:26', 0, ''),
(185, 'Modellbasierte Applikation', 'T-MACH-102199', 0, '4', 'Sommer', 'Deutsch', '1', '2017-11-10 00:10:52', 0, ''),
(186, 'Produktion und Nachhaltigkeit', 'T-WIWI-102820', 2581960, '3,5', 'Winter', 'Deutsch', '11', '2017-11-10 00:10:58', 0, ''),
(187, 'Produktions- und Logistikcontrolling', 'T-WIWI-103091', 2500005, '3', 'Winter', 'Deutsch', '11', '2017-11-10 00:13:17', 16, '2018-01-17 22:24:44'),
(188, 'Modellbildung und Identifikation', 'T-ETIT-100699', 23166, '4', 'Winter', 'Deutsch', '1', '2017-11-10 00:14:01', 0, ''),
(189, 'Sozialstrukturanalyse moderner Gesellschaften', 'T-GEISTSOZ-101959', 0, '4', 'Winter', 'Deutsch', '8', '2017-11-10 00:15:05', 0, ''),
(190, 'Produktionstechnologien und Managementansätze im Automobilbau', 'T-MACH-102189', 2149001, '4', 'Winter', 'Deutsch', '11', '2017-11-10 00:15:31', 16, '2018-01-17 22:26:13'),
(191, 'Spezialveranstaltung Informationswirtschaft', 'T-WIWI-102706', 0, '4,5', 'Ganzjährig', 'Deutsch', '8', '2017-11-10 00:16:01', 0, ''),
(192, 'Modellieren und OR-Software: Einführung', 'T-WIWI-106199', 2550490, '4,5', 'Ganzjährig', 'Deutsch', '1', '2017-11-10 00:16:11', 0, ''),
(193, 'Spezialvorlesung Angewandte Informatik', 'T-WIWI-102910', 0, '5', 'Winter', 'Deutsch', '8', '2017-11-10 00:17:50', 2, '2017-11-20 04:58:21'),
(194, 'Modellierung von Geschäftsprozessen', 'T-WIWI-102697', 2511210, '5', 'Winter', 'Deutsch', '1', '2017-11-10 00:18:14', 2, '2017-11-20 05:07:09'),
(195, 'Programmieren I: Java', 'T-WIWI-102735', 2511000, '5', 'Winter', 'Deutsch', '11', '2017-11-10 00:18:33', 0, ''),
(196, 'Spezialvorlesung Betriebliche Informationssysteme', 'T-WIWI-102676', 2511224, '5', 'Winter', 'Deutsch', '8', '2017-11-10 00:21:11', 2, '2017-11-20 05:10:47'),
(197, 'Programmierung kommerzieller Systeme - Anwendungen in Netzen mit Java', 'T-WIWI-102747', 2511020, '5', 'Sommer', 'Deutsch', '11', '2017-11-10 00:21:51', 0, ''),
(198, 'Spezialvorlesung Effiziente Algorithmen', 'T-WIWI-102657', 0, '5', 'Winter', 'Deutsch', '8', '2017-11-10 00:22:39', 2, '2017-11-20 05:11:07'),
(199, 'Programmierung kommerzieller Systeme - Einsatz betrieblicher Standardsoftware', 'T-WIWI-102748', 2511026, '5', 'Winter', 'Deutsch', '11', '2017-11-10 00:22:55', 2, '2017-11-20 04:03:25'),
(200, 'Motorenmesstechnik', 'T-MACH-105169', 2134137, '4', 'Sommer', 'Deutsch', '1', '2017-11-10 00:22:57', 0, ''),
(201, 'Spezialvorlesung Software- und Systemsengineering', 'T-WIWI-102678', 0, '5', 'Winter', 'Deutsch', '8', '2017-11-10 00:23:39', 2, '2017-11-20 05:11:44'),
(202, 'Spezialvorlesung Wissensmanagement', 'T-WIWI-102671', 0, '5', 'Winter', 'Deutsch', '8', '2017-11-10 00:24:28', 2, '2017-11-20 05:12:04'),
(203, 'Spezielle Soziologie', 'T-GEISTSOZ-101957', 0, '4', 'Unregelmäßig', 'Deutsch', '8', '2017-11-10 00:25:14', 2, '2018-01-17 23:03:29'),
(204, 'Project Workshop: Automotive Engineering', 'T-MACH-102156', 2115817, '4,5', 'Ganzjährig', 'Deutsch', '11', '2017-11-10 00:25:54', 0, ''),
(205, 'Taktisches und operatives Supply Chain Management', 'T-WIWI-102714', 2550486, '4,5', 'Sommer', 'Deutsch', '1', '2017-11-10 00:26:39', 0, ''),
(206, 'Spezielle Steuerlehre', 'T-WIWI-102790', 2560129, '4,5', 'Winter', 'Deutsch', '8', '2017-11-10 00:27:32', 2, '2018-01-17 23:02:24'),
(207, 'Projektmanagement', 'T-BGU-101675', 6200106, '3', 'Winter', 'Deutsch', '11', '2017-11-10 00:27:50', 0, ''),
(208, 'Standortplanung und strategisches Supply Chain Management', 'T-WIWI-102704', 2550486, '4,5', 'Winter', 'Deutsch', '8', '2017-11-10 00:28:56', 2, '2018-01-17 22:57:39'),
(209, 'Umformtechnik', 'T-MACH-105177', 2150681, '3', 'Ganzjährig', 'Deutsch', '1', '2017-11-10 00:30:12', 2, '2018-01-17 22:28:03'),
(210, 'Projektübung Angewandte Fernerkundung', 'T-BGU-101814', 6020245, '1', 'Unregelmäßig', 'Deutsch', '11', '2017-11-10 00:30:48', 0, ''),
(211, 'Statistik I', 'T-WIWI-102737', 2600008, '5', 'Sommer', 'Deutsch', '8', '2017-11-10 00:30:56', 0, ''),
(212, 'Unternehmensführung und Strategisches Management', 'T-WIWI-102629', 0, '3,5', 'Sommer', 'Deutsch', '1', '2017-11-10 00:31:26', 10, '2018-01-17 22:39:20'),
(213, 'Prüfung zu Meteorologische Naturgefahren', 'T-PHYS-105954', 0, '3', 'Sommer', 'Deutsch', '11', '2017-11-10 00:32:04', 0, ''),
(214, 'Statistik II', 'T-WIWI-102738', 2610020, '5', 'Winter', 'Deutsch', '8', '2017-11-10 00:32:06', 8, '2017-11-10 00:33:38'),
(215, 'Vehicle Ride Comfort & Acoustics I', 'T-MACH-102206', 2114856, '4', 'Sommer', 'Englisch', '1', '2017-11-10 00:33:41', 0, ''),
(216, 'Vehicle Ride Comfort & Acoustics II', 'T-MACH-102205', 2114857, '4', 'Winter', 'Englisch', '1', '2017-11-10 00:34:45', 0, ''),
(217, 'Pulvermetallurgische Hochleistungswerkstoffe', 'T-MACH-102157', 2126749, '4', 'Ganzjährig', 'Deutsch', '11', '2017-11-10 00:35:50', 16, '2018-01-17 22:36:20'),
(218, 'Statistische Modellierung von allgemeinen Regressionsmodellen', 'T-WIWI-103065', 2521350, '4,5', 'Winter', 'Deutsch', '8', '2017-11-10 00:35:54', 2, '2018-01-17 22:54:57'),
(219, 'Steuerungstechnik', 'T-MACH-105185', 2150683, '2150683', 'Ganzjährig', 'Deutsch', '8', '2017-11-10 00:37:47', 0, ''),
(220, 'Wasserbau und Wasserwirtschaft', 'T-BGU-101667', 6200511, '4', 'Winter', 'Deutsch', '11', '2017-11-10 00:38:31', 0, ''),
(221, 'Stochastische Entscheidungsmodelle I', 'T-WIWI-102710', 0, '5', 'Winter', 'Deutsch', '8', '2017-11-10 00:38:33', 16, '2018-01-17 22:55:56'),
(222, 'Verbrennungsmotoren I', 'T-MACH-102194', 2133113, '5', 'Winter', 'Deutsch', '1', '2017-11-10 00:39:08', 0, ''),
(223, 'Web Science', 'T-WIWI-103112', 2511312, '5', 'Winter', 'Englisch', '11', '2017-11-10 00:40:17', 2, '2017-11-20 05:12:49'),
(224, 'Stochastische Entscheidungsmodelle II', 'T-WIWI-102711', 0, '4,5', 'Sommer', 'Deutsch', '8', '2017-11-10 00:41:14', 16, '2018-01-17 22:55:34'),
(225, 'Verbrennungsmotoren II', 'T-MACH-104609', 2134151, '5', 'Sommer', 'Deutsch', '1', '2017-11-10 00:41:26', 0, ''),
(226, 'Strategisches Management der betrieblichen Informationsverarbeitung', 'T-WIWI-102669', 2511602, '5', 'Sommer', 'Deutsch', '8', '2017-11-10 00:42:51', 2, '2017-11-20 05:12:26'),
(227, 'Werkstoffkunde I für Wirtschaftsingenieure', 'T-MACH-102078', 2125760, '3', 'Winter', 'Deutsch', '11', '2017-11-10 00:43:38', 0, ''),
(228, 'Werkstoffkunde II für Wirtschaftsingenieure', 'T-MACH-102079', 2126782, '5', 'Sommer', 'Deutsch', '11', '2017-11-10 00:45:16', 0, ''),
(229, 'Verfahrenstechnische Grundlagen am Beispiel der Lebensmittelverarbeitung', 'T-CIWVT-106058', 22213, '3', 'Winter', 'Deutsch', '1', '2017-11-10 00:45:38', 0, ''),
(230, 'Struktur- und Phasenanalyse', 'T-MACH-102170', 2125763, '4', 'Ganzjährig', 'Deutsch', '8', '2017-11-10 00:46:16', 16, '2018-01-17 22:49:04'),
(231, 'Strukturkeramiken', 'T-MACH-102179', 2126775, '4', 'Ganzjährig', 'Deutsch', '8', '2017-11-10 00:47:26', 16, '2018-01-17 22:48:39'),
(232, 'Werkzeugmaschinen und Handhabungstechnik', 'T-MACH-102158', 2149902, '9', 'Winter', 'Deutsch', '11', '2017-11-10 00:48:42', 0, ''),
(233, 'Versagensverhalten von Konstruktionswerkstoffen: Ermüdung und Kriechen', 'T-MACH-102139', 2181715, '4', 'Winter', 'Deutsch', '1', '2017-11-10 00:49:37', 15, '2018-01-17 22:31:59'),
(234, 'Wettbewerb in Netzen', 'T-WIWI-100005', 2561204, '4,5', 'Winter', 'Deutsch', '11', '2017-11-10 00:50:16', 2, '2018-05-29 21:43:52'),
(235, 'Systematische Werkstoffauswahl', 'T-MACH-100531', 2174576, '5', 'Sommer', 'Deutsch', '8', '2017-11-10 00:50:31', 2, '2018-01-17 22:35:17'),
(236, 'Versagensverhalten von Konstruktionswerkstoffen: Verformung und Bruch', 'T-MACH-102140', 2181711, '4', 'Winter', 'Deutsch', '1', '2017-11-10 00:50:39', 15, '2018-01-17 22:33:00'),
(237, 'Systemdynamik und Regelungstechnik', 'T-ETIT-101921', 23155, '6', 'Sommer', 'Deutsch', '8', '2017-11-10 00:51:26', 0, ''),
(238, 'Wissensmanagement', 'T-WIWI-102664', 0, '4', 'Winter', 'Deutsch', '11', '2017-11-10 00:51:45', 2, '2017-11-20 04:58:48'),
(239, 'Verzahntechnik', 'T-MACH-102148', 2149655, '4', 'Ganzjährig', 'Deutsch', '1', '2017-11-10 00:52:41', 0, ''),
(240, 'Workflow-Management', 'T-WIWI-102662', 2511204, '5', 'Sommer', 'Deutsch', '8', '2017-11-10 00:53:23', 2, '2017-11-20 05:13:11'),
(241, 'Wohlfahrtstheorie', 'T-WIWI-102610', 2520517, '4,5', 'Sommer', 'Deutsch', '11', '2017-11-10 00:53:34', 0, ''),
(242, 'Volkswirtschaftslehre I: Mikroökonomie', 'T-WIWI-102708', 2610012, '5', 'Winter', 'Deutsch', '1', '2017-11-10 00:54:53', 0, ''),
(243, 'Volkswirtschaftslehre III: Einführung in die Ökonometrie', 'T-WIWI-102736', 2520016, '5', 'Sommer', 'Deutsch', '11', '2017-11-10 00:55:16', 0, ''),
(244, 'Volkswirtschaftslehre II: Makroökonomie', 'T-WIWI-102709', 2600014, '5', 'Sommer', 'Deutsch', '8', '2017-11-10 00:56:11', 17, '2018-04-25 19:51:16'),
(245, 'Praktikum Informatik', 'T-WIWI-103523', 123456, '4', 'Ganzjährig', 'Deutsch', '2', '2017-11-20 05:16:26', 0, ''),
(246, 'Geschäftsmodelle im Internet: Planung und Umsetzung', 'T-WIWI-102639', 0, '4,5', 'Sommer', 'Deutsch', '2', '2018-01-17 19:53:48', 0, ''),
(247, 'Abgas- und Schmierölanalyse am Verbrennungsmotor', 'T-MACH-105173', 0, '4', 'Sommer', 'Deutsch', '17', '2018-01-17 20:28:54', 0, ''),
(248, 'Advanced Game Theory', 'T-WIWI-102861', 0, '4,5', 'Winter', 'Englisch', '17', '2018-01-17 20:34:46', 0, ''),
(249, 'CAD-Praktikum CATIA', 'T-MACH-102185', 0, '2', 'Ganzjährig', 'Deutsch', '8', '2018-01-17 20:35:04', 0, ''),
(250, 'Advanced Management Accounting', 'T-WIWI-102885', 0, '4,5', 'Winter', 'Englisch', '17', '2018-01-17 20:37:38', 0, ''),
(251, 'Hausarbeit ”Betrieb im Öffentlichen Verkehr”', 'T-BGU-101857', 0, '3', 'Unregelmäßig', 'Deutsch', '10', '2018-01-17 20:37:43', 0, ''),
(252, 'CAD-Praktikum NX', 'T-MACH-102187', 0, '2', 'Ganzjährig', 'Deutsch', '8', '2018-01-17 20:38:04', 0, ''),
(253, 'Hausarbeit ”Technik Spurgeführte Transportsysteme”', 'T-BGU-101858', 0, '3', 'Unregelmäßig', 'Deutsch', '10', '2018-01-17 20:39:39', 0, ''),
(254, 'Bau und Instandhaltung von Schienenwegen', 'T-BGU-101851', 0, '1,5', 'Sommer', 'Deutsch', '18', '2018-01-17 20:40:11', 18, '2018-01-17 20:41:40'),
(255, 'Hausarbeit ”Verkehrsprojekt im Öffentlichen Verkehr”', 'T-BGU-101856', 0, '3', 'Unregelmäßig', 'Deutsch', '10', '2018-01-17 20:42:23', 0, ''),
(256, 'Case Studies in Sales and Pricing', 'T-WIWI-102834', 0, '1,5', 'Winter', 'Deutsch', '8', '2018-01-17 20:43:52', 0, ''),
(257, 'Geländepraktikum Gewässergüte', 'T-MACH-101089', 0, '3', 'Unregelmäßig', 'Deutsch', '15', '2018-01-17 20:50:05', 0, ''),
(258, 'Aktuelle Themen der BioMEMS', 'T-MACH-102176', 0, '3', 'Ganzjährig', 'Deutsch', '17', '2018-01-17 20:50:26', 0, ''),
(259, 'Hochspannungsprüftechnik', 'T-ETIT-101915', 0, '4', 'Winter', 'Deutsch', '10', '2018-01-17 20:50:51', 0, ''),
(260, 'Hochspannungstechnik I', 'T-ETIT-101913', 0, '4,5', 'Winter', 'Deutsch', '10', '2018-01-17 20:53:20', 0, ''),
(261, 'Asset Pricing', 'T-WIWI-102647', 0, '4,5', 'Sommer', 'Deutsch', '16', '2018-01-17 20:53:29', 0, ''),
(262, 'Bauleitung', 'T-BGU-103427', 0, '1,5', 'Sommer', 'Deutsch', '18', '2018-01-17 20:53:53', 0, ''),
(263, 'Aktuelle Themen im Innovationsmanagement', 'T-WIWI-102873', 0, '3', 'Unregelmäßig', 'Deutsch', '17', '2018-01-17 20:54:42', 0, ''),
(264, 'Hochspannungstechnik II', 'T-ETIT-101914', 0, '4,5', 'Sommer', 'Deutsch', '10', '2018-01-17 20:55:00', 0, ''),
(265, 'Challenges in Supply Chain Management', 'T-WIWI-102872', 0, '4,5', 'Sommer', 'Englisch', '8', '2018-01-17 20:55:30', 0, ''),
(266, 'Gemischt-ganzzahlige Optimierung I', 'T-WIWI-102719', 0, '4,5', 'Winter', 'Deutsch', '15', '2018-01-17 20:55:48', 0, ''),
(267, 'Baurecht', 'T-BGU-103429', 0, '3', 'Sommer', 'Deutsch', '18', '2018-01-17 20:56:00', 0, ''),
(268, 'Angewandte Ökologie und Gewässerschutz', 'T-BGU-103647', 0, '3', 'Sommer', 'Deutsch', '17', '2018-01-17 20:56:59', 0, ''),
(269, 'Gemischt-ganzzahlige Optimierung I und II', 'T-WIWI-102733', 0, '9', 'Winter', 'Deutsch', '15', '2018-01-17 20:57:39', 15, '2018-01-17 20:58:59'),
(270, 'Angewandte Ökonometrie', 'T-WIWI-103125', 0, '4,5', 'Winter', 'Deutsch', '17', '2018-01-17 20:58:12', 0, ''),
(271, 'Datenschutzrecht', 'T-INFO-101303', 0, '3', 'Winter', 'Deutsch', '14', '2018-01-17 20:58:21', 0, ''),
(272, 'Bayesian Methods for Financial Economics', 'T-WIWI-106191', 0, '4,5', 'Sommer', 'Deutsch', '18', '2018-01-17 20:59:08', 0, ''),
(273, 'Immobilienwirtschaft und Nachhaltigkeit Teil 1: Grundlagen und Wertermittlung', 'T-WIWI-102838', 0, '4,5', 'Winter', 'Deutsch', '10', '2018-01-17 20:59:37', 0, ''),
(274, 'Teilleistung: Gemischt-ganzzahlige Optimierung II', '[T-WIWI-102720', 0, '4,5', 'Sommer', 'Deutsch', '15', '2018-01-17 21:01:07', 0, ''),
(275, 'Immobilienwirtschaft und Nachhaltigkeit Teil 2: Reporting und Rating', 'T-WIWI-102839', 0, '4,5', 'Sommer', 'Deutsch', '10', '2018-01-17 21:01:17', 0, ''),
(276, 'Anlagenwirtschaft', 'T-WIWI-102631', 0, '5,5', 'Winter', 'Deutsch', '17', '2018-01-17 21:01:19', 0, ''),
(277, 'hemische, physikalische und werkstoffkundliche Aspekte von Kunststoffen in der Mikrotechnik', 'T-MACH-102169', 0, '3', 'Ganzjährig', 'Deutsch', '8', '2018-01-17 21:02:07', 0, ''),
(278, 'Incentives in Organizations', 'T-WIWI-105781', 0, '4,5', 'Sommer', 'Englisch', '10', '2018-01-17 21:03:58', 0, ''),
(279, 'Bemessungsgrundlagen im Straßenwesen', 'T-BGU-106613', 0, '3', 'Sommer', 'Deutsch', '18', '2018-01-17 21:04:06', 0, ''),
(280, 'Aufbau und Eigenschaften von Schutzschichten', 'T-MACH-105150', 0, '4', 'Winter', 'Deutsch', '16', '2018-01-17 21:05:15', 0, ''),
(281, 'Communication Systems and Protocols', 'T-ETIT-101938', 0, '5', 'Sommer', 'Englisch', '8', '2018-01-17 21:05:59', 0, ''),
(282, 'Design Thinking', 'T-WIWI-102866', 0, '3', 'Ganzjährig', 'Deutsch', '14', '2018-01-17 21:06:26', 0, ''),
(283, 'Berechnungsverfahren und Modelle in der Verkehrsplanung', 'T-BGU-101797', 0, '3', 'Winter', 'Deutsch', '18', '2018-01-17 21:08:01', 0, ''),
(284, 'Auktionstheorie', 'T-WIWI-102613', 0, '4,5', 'Winter', 'Deutsch', '16', '2018-01-17 21:09:09', 0, ''),
(285, 'Industrial Services', 'T-WIWI-102822', 0, '4,5', 'Winter', 'Deutsch', '10', '2018-01-17 21:09:09', 0, ''),
(286, 'Besondere Kapitel im Straßenwesen und Umweltverträglichkeitsprüfung', 'T-BGU-101860', 0, '3', 'Sommer', 'Deutsch', '18', '2018-01-17 21:09:43', 0, ''),
(287, 'Developing Business Models for the Semantic Web', 'T-WIWI-102851', 0, '3', 'Winter', 'Englisch', '14', '2018-01-17 21:09:54', 0, ''),
(288, 'Computational FinTech with Python and C++', 'T-WIWI-106496', 0, '1,5', 'Sommer', 'Deutsch', '8', '2018-01-17 21:09:57', 0, ''),
(289, 'Arbeitsrecht I', 'T-INFO-101329', 0, '3', 'Winter', 'Deutsch', '17', '2018-01-17 21:10:41', 0, ''),
(290, 'Arbeitsrecht II', 'T-INFO-101330', 0, '3', 'Sommer', 'Deutsch', '17', '2018-01-17 21:11:21', 0, ''),
(291, 'Betriebssysteme und Infrastrukturkapazität von Schienenwegen', 'T-BGU-101824', 0, '3', 'Sommer', 'Deutsch', '18', '2018-01-17 21:12:15', 0, ''),
(292, 'BioMEMS - Mikrosystemtechnik für Life-Sciences und Medizin I', 'T-MACH-100966', 0, '3', 'Winter', 'Deutsch', '18', '2018-01-17 21:13:36', 0, ''),
(293, 'Digital Marketing and Sales in B2B', 'T-WIWI-106981', 0, '1,5', 'Winter', 'Englisch', '14', '2018-01-17 21:13:43', 0, ''),
(294, 'Computational Risk and Asset Management', 'T-WIWI-102878', 0, '4,5', 'Winter', 'Englisch', '8', '2018-01-17 21:14:35', 0, ''),
(295, 'Keramische Prozesstechnik', 'T-MACH-102182', 0, '4', 'Sommer', 'Deutsch', '17', '2018-01-17 21:15:30', 0, ''),
(296, 'Geschäftsplanung für Gründer', 'T-WIWI-102865', 0, '3', 'Ganzjährig', 'Deutsch', '15', '2018-01-17 21:15:38', 0, ''),
(297, 'Computational Risk and Asset Management I', 'T-WIWI-107032', 0, '4,5', 'Winter', 'Englisch', '8', '2018-01-17 21:16:01', 0, ''),
(298, 'Konvexe Analysis', 'T-WIWI-102856', 0, '4,5', 'Winter', 'Deutsch', '17', '2018-01-17 21:16:35', 0, ''),
(299, 'Computational Risk and Asset Management II', 'T-WIWI-106494', 0, '4,5', 'Winter', 'Englisch', '8', '2018-01-17 21:16:47', 0, ''),
(300, 'Kreditrisiken', 'T-WIWI-102645', 0, '4,5', 'Winter', 'Deutsch', '17', '2018-01-17 21:17:29', 0, ''),
(301, 'Digital Service Design', 'T-WIWI-105773', 0, '4,5', 'Winter', 'Englisch', '14', '2018-01-17 21:18:49', 0, ''),
(302, 'Consumer Behavior', 'T-WIWI-106569', 0, '3', 'Unregelmäßig', 'Deutsch', '8', '2018-01-17 21:19:30', 0, ''),
(303, 'Informationsmanagement für öffentliche Mobilitätsangebote', 'T-BGU-106608', 0, '3', 'Sommer', 'Deutsch', '10', '2018-01-17 21:21:47', 0, ''),
(304, 'Digital Transformation of Organizations', 'T-WIWI-106201', 0, '4,5', 'Sommer', 'Englisch', '14', '2018-01-17 21:22:29', 0, ''),
(305, 'Automatisierte Finanzberatung', 'T-WIWI-106495', 0, '3', 'Sommer', 'Deutsch', '16', '2018-01-17 21:23:33', 0, ''),
(306, 'Large-scale Optimierung', 'T-WIWI-106549', 0, '4,5', 'Unregelmäßig', 'Deutsch', '17', '2018-01-17 21:23:36', 0, ''),
(307, 'Automatisierte Produktionsanlagen', 'T-MACH-102162', 0, '9', 'Sommer', 'Deutsch', '16', '2018-01-17 21:24:47', 0, ''),
(308, 'Corporate Financial Policy', 'T-WIWI-102622', 0, '4,5', 'Sommer', 'Englisch', '8', '2018-01-17 21:25:04', 0, ''),
(309, 'Geißereikunde', 'T-MACH-105157', 0, '4', 'Sommer', 'Deutsch', '15', '2018-01-17 21:25:30', 0, ''),
(310, 'Country Manager Simulation', 'T-WIWI-106137', 0, '1,5', 'Winter', 'Englisch', '8', '2018-01-17 21:26:05', 0, ''),
(311, 'Building Intelligent and Robo-Adviced Portfolios', 'T-WIWI-106442', 0, '9', 'Sommer', 'Deutsch', '18', '2018-01-17 21:26:10', 0, ''),
(312, 'Automatisierung ereignisdiskreter und hybrider Systeme', 'T-ETIT-100981', 0, '3', 'Sommer', 'Deutsch', '16', '2018-01-17 21:26:17', 0, ''),
(313, 'Laser Physics', 'T-ETIT-100741', 0, '4', 'Winter', 'Englisch', '17', '2018-01-17 21:26:41', 0, ''),
(314, 'Business and IT Service Management', 'T-WIWI-102881', 0, '4,5', 'Winter', 'Deutsch', '18', '2018-01-17 21:27:15', 0, ''),
(315, 'Lasereinsatz im Automobilbau', 'T-MACH-105164', 0, '4', 'Sommer', 'Deutsch', '17', '2018-01-17 21:28:03', 0, ''),
(316, 'Machine Learning in Finance', 'T-WIWI-106195', 0, '4,5', 'Sommer', 'Englisch', '16', '2018-01-17 21:28:41', 0, ''),
(317, 'Lean Construction', 'T-BGU-100148', 0, '4,5', 'Winter', 'Englisch', '17', '2018-01-17 21:29:05', 0, ''),
(318, 'Macro-Finance', 'T-WIWI-106194', 0, '4,5', 'Winter', 'Englisch', '16', '2018-01-17 21:29:19', 0, ''),
(319, 'Liberalised Power Markets', 'T-WIWI-107043', 0, '3', 'Winter', 'Englisch', '17', '2018-01-17 21:30:37', 0, ''),
(320, 'Management im ÖV', 'M-BGU-101113', 0, '3', 'Sommer', 'Deutsch', '16', '2018-01-17 21:30:56', 0, ''),
(321, 'Globale Produktion und Logistik - Teil 1: Globale Produktion', 'T-MACH-105158', 0, '4', 'Winter', 'Deutsch', '15', '2018-01-17 21:31:07', 0, ''),
(322, 'Business Data Strategy', 'T-WIWI-106187', 0, '4,5', 'Winter', 'Deutsch', '18', '2018-01-17 21:31:34', 0, ''),
(323, 'Globale Produktion und Logistik - Teil 2: Globale Logistik', 'T-MACH-105159', 0, '4', 'Sommer', 'Deutsch', '15', '2018-01-17 21:31:57', 0, ''),
(324, 'Management neuer Technologien', 'T-WIWI-102612', 0, '5', 'Sommer', 'Deutsch', '16', '2018-01-17 21:32:17', 0, ''),
(325, 'Infrastrukturausrüstung von Schienenfahrwegen', 'T-BGU-101849', 0, '1,5', 'Sommer', 'Deutsch', '10', '2018-01-17 21:32:27', 0, ''),
(326, 'DV-gestützter Straßenentwurf', 'T-BGU-101804', 0, '3', 'Winter', 'Deutsch', '14', '2018-01-17 21:33:17', 0, ''),
(327, 'Infrastrukturbemessung und Fahrdynamik von Schienenfahrwegen', 'T-BGU-101848', 0, '3', 'Sommer', 'Deutsch', '10', '2018-01-17 21:33:37', 0, ''),
(328, 'Markenrecht', 'T-INFO-101313', 0, '3', 'Ganzjährig', 'Deutsch', '16', '2018-01-17 21:33:47', 0, ''),
(329, 'Current Issues in the Insurance Industry', 'T-WIWI-102637', 0, '2', 'Sommer', 'Englisch', '8', '2018-01-17 21:34:46', 0, ''),
(330, 'Infrastrukturmanagement', 'T-BGU-106300', 0, '6', 'Ganzjährig', 'Deutsch', '10', '2018-01-17 21:35:11', 0, ''),
(331, 'Graph Theory and Advanced Location Models', 'T-WIWI-102723', 0, '4,5', 'Unregelmäßig', 'Deutsch', '15', '2018-01-17 21:35:17', 0, ''),
(332, 'Market Engineering: Information in Institutions', 'T-WIWI-102640', 0, '4,5', 'Sommer', 'Englisch', '16', '2018-01-17 21:36:13', 0, ''),
(333, 'Mobilitätsdienste und neue Formen der Mobilität', 'T-BGU-103425', 0, '3', 'Sommer', 'Deutsch', '17', '2018-01-17 21:36:21', 0, ''),
(334, 'Innovationsmanagement: Konzepte, Strategien und Methoden', 'T-WIWI-102893', 0, '3', 'Sommer', 'Deutsch', '10', '2018-01-17 21:36:42', 0, ''),
(335, 'Grundlagen der Herstellungsverfahren der Keramik und Pulvermetallurgie', 'T-MACH-102111', 0, '4', 'Winter', 'Deutsch', '15', '2018-01-17 21:37:29', 0, ''),
(336, 'Business Dynamics', 'T-WIWI-102762', 0, '4,5', 'Winter', 'Deutsch', '18', '2018-01-17 21:37:32', 0, ''),
(337, 'Efficient Energy Systems and Electric Mobility', 'T-WIWI-102793', 0, '3,5', 'Sommer', 'Englisch', '14', '2018-01-17 21:38:16', 0, ''),
(338, 'Market Research', 'T-WIWI-107720', 0, '4,5', 'Sommer', 'Englisch', '16', '2018-01-17 21:38:25', 0, ''),
(339, 'Business Intelligence Systems', 'T-WIWI-105777', 0, '4,5', 'Winter', 'Deutsch', '18', '2018-01-17 21:38:27', 0, ''),
(340, 'Marketing Analytics', 'T-WIWI-103139', 0, '4,5', 'Winter', 'Englisch', '16', '2018-01-17 21:39:05', 0, ''),
(341, 'Grundlagen der katalytischen Abgasnachbehandlung bei Verbrennungsmotoren', 'T-MACH-105044]', 0, '4', 'Sommer', 'Deutsch', '15', '2018-01-17 21:39:30', 0, ''),
(342, 'Marketing Strategy Planspiel', 'T-WIWI-102835', 0, '1,5', 'Sommer', 'Deutsch', '16', '2018-01-17 21:39:51', 0, ''),
(343, 'Modeling and Analyzing Consumer Behavior with R', 'T-WIWI-102899', 0, '4,5', 'Sommer', 'Deutsch', '17', '2018-01-17 21:40:22', 0, ''),
(344, 'Marketingkommunikation', 'T-WIWI-102902', 0, '4,5', 'Sommer', 'Deutsch', '16', '2018-01-17 21:40:38', 0, ''),
(345, 'Modeling Mass Fluxes in River Basins', 'T-BGU-106681', 0, '0', 'Winter', 'Deutsch', '17', '2018-01-17 21:41:31', 2, '2018-05-04 15:17:07'),
(346, 'Eigenschaften von Verkehrsmitteln', 'T-BGU-106609', 0, '3', 'Sommer', 'Deutsch', '14', '2018-01-17 21:41:51', 0, ''),
(347, 'BWL der Informationsunternehmen', 'T-WIWI-102886', 0, '5', 'Sommer', 'Deutsch', '18', '2018-01-17 21:41:56', 0, ''),
(348, 'Innovationstheorie und -politik', 'T-WIWI-102840', 0, '4,5', 'Sommer', 'Deutsch', '10', '2018-01-17 21:42:00', 0, ''),
(349, 'Maschinentechnik', 'T-BGU-101845', 0, '3', 'Winter', 'Deutsch', '16', '2018-01-17 21:43:15', 0, ''),
(350, 'Nachtragsmanagement', 'T-BGU-103428', 0, '1,5', 'Sommer', 'Deutsch', '18', '2018-01-17 21:43:40', 0, ''),
(351, 'Grundlagen der Röntgenoptik I', 'T-MACH-105186', 0, '3', 'Winter', 'Deutsch', '15', '2018-01-17 21:44:25', 0, ''),
(352, 'Nanotechnologie für Ingenieure und Naturwissenschaftler', 'T-MACH-105180', 0, '4', 'Winter', 'Deutsch', '18', '2018-01-17 21:44:35', 0, ''),
(353, 'Modelle strategischer Führungsentscheidungen', 'T-WIWI-102803', 0, '4,5', 'Sommer', 'Deutsch', '17', '2018-01-17 21:44:58', 0, ''),
(354, 'Grundlagen der Röntgenoptik II', 'T-MACH-102174', 0, '3', 'Sommer', 'Deutsch', '15', '2018-01-17 21:46:01', 0, ''),
(355, 'Modellieren und OR-Software: Fortgeschrittene Themen', 'T-WIWI-106200', 0, '4,5', 'Ganzjährig', 'Deutsch', '17', '2018-01-17 21:46:30', 0, ''),
(356, 'Nanotribologie und -mechanik', 'T-MACH-102167', 0, '3', 'Ganzjährig', 'Deutsch', '18', '2018-01-17 21:46:32', 0, ''),
(357, 'Mathematische Modelle und Methoden für Produktionssysteme', 'T-MACH-105189', 0, '6', 'Winter', 'Englisch', '16', '2018-01-17 21:47:05', 0, ''),
(358, 'Insurance Marketing', 'T-WIWI-102601', 0, '4,5', 'Sommer', 'Deutsch', '10', '2018-01-17 21:47:09', 0, ''),
(359, 'Elektrische Schienenfahrzeuge', 'T-MACH-102121', 0, '3', 'Sommer', 'Deutsch', '14', '2018-01-17 21:47:42', 0, ''),
(360, 'Modellierung von Stoffeinträgen', 'T-BGU-103649', 0, '3', 'Unregelmäßig', 'Deutsch', '17', '2018-01-17 21:47:51', 0, ''),
(361, 'Methods in Economic Dynamics', 'T-WIWI-102906', 0, '1,5', 'Sommer', 'Deutsch', '16', '2018-01-17 21:48:11', 0, ''),
(362, 'Fallstudienseminar Innovationsmanagement', 'T-WIWI-102852', 0, '3', 'Winter', 'Deutsch', '8', '2018-01-17 21:48:25', 0, ''),
(363, 'Microoptics and Lithography', 'T-MACH-105176', 0, '3', 'Sommer', 'Deutsch', '16', '2018-01-17 21:48:46', 0, ''),
(364, 'Modelling, Measuring and Managing of Extreme Risks', 'T-WIWI-102841', 0, '2,5', 'Sommer', 'Deutsch', '17', '2018-01-17 21:48:48', 0, ''),
(365, 'Insurance Production', 'T-WIWI-102648', 0, '4,5', 'Unregelmäßig', 'Deutsch', '10', '2018-01-17 21:49:10', 0, ''),
(366, 'Fern- und Luftverkehr', 'T-BGU-106301', 0, '3', 'Ganzjährig', 'Deutsch', '8', '2018-01-17 21:50:37', 0, ''),
(367, 'Insurance Risk Management', 'T-WIWI-102636', 0, '2,5', 'Sommer', 'Deutsch', '10', '2018-01-17 21:51:25', 0, ''),
(368, 'Öffentliches Medienrecht', 'T-INFO-101311', 0, '3', 'Winter', 'Deutsch', '16', '2018-01-17 21:51:55', 0, ''),
(369, 'Morphodynamik', 'T-BGU-101859', 0, '3', 'Sommer', 'Deutsch', '17', '2018-01-17 21:52:07', 0, ''),
(370, 'Grundlagen der Lebensmittelverfahrenstechnik', 'T-CIWVT-101874', 0, '9', 'Unregelmäßig', 'Deutsch', '15', '2018-01-17 21:53:05', 0, ''),
(371, 'Elemente und Systeme der Technischen Logistik und Projekt', 'T-MACH-102178', 0, '6', 'Winter', 'Deutsch', '14', '2018-01-17 21:53:13', 0, ''),
(372, 'Nicht- und Semiparametrik', 'T-WIWI-103126', 0, '4,5', 'Unregelmäßig', 'Deutsch', '18', '2018-01-17 21:53:19', 0, ''),
(373, 'Fertigungsprozesse der Mikrosystemtechnik', 'T-MACH-102166', 0, '3', 'Ganzjährig', 'Deutsch', '8', '2018-01-17 21:53:42', 0, '');
INSERT INTO `subjects` (`ID`, `subject_name`, `identifier`, `lv_number`, `ECTS`, `semester`, `language`, `createdBy_ID`, `time_stamp`, `lastChangedBy_ID`, `time_stamp2`) VALUES
(374, 'Ökobilanzen', 'T-WIWI-103133', 0, '3,5', 'Winter', 'Deutsch', '16', '2018-01-17 21:54:11', 0, ''),
(375, 'Online Marketing', 'T-WIWI-103141', 0, '4,5', 'Winter', 'Deutsch', '16', '2018-01-17 21:54:52', 0, ''),
(376, 'Multivariate Verfahren', 'T-WIWI-103124', 0, '4,5', 'Sommer', 'Deutsch', '17', '2018-01-17 21:55:57', 0, ''),
(377, 'Open Innovation - Konzepte, Methoden und Best Practices', 'T-WIWI-102901', 0, '1,5', 'Sommer', 'Englisch', '16', '2018-01-17 21:57:01', 0, ''),
(378, 'Festverzinsliche Titel', 'T-WIWI-102644', 0, '4,5', 'Winter', 'Deutsch', '8', '2018-01-17 21:57:23', 0, ''),
(379, 'Grundzüge der Informationswirtschaft', 'T-WIWI-102638', 0, '5', 'Winter', 'Deutsch', '15', '2018-01-17 21:57:50', 0, ''),
(380, 'Operations Research in Health Care Management', 'T-WIWI-102884', 0, '4,5', 'Unregelmäßig', 'Deutsch', '16', '2018-01-17 21:58:23', 0, ''),
(381, 'Intelligente CRM Architekturen', 'T-WIWI-103549', 0, '4,5', 'Winter', 'Englisch', '10', '2018-01-17 21:58:30', 0, ''),
(382, 'P&C Insurance Simulation Game', 'T-WIWI-102797', 0, '3', 'Winter', 'Englisch', '17', '2018-01-17 21:58:48', 0, ''),
(383, 'Emissionen in die Umwelt', 'T-WIWI-102634', 0, '3,5', 'Winter', 'Deutsch', '14', '2018-01-17 21:59:16', 0, ''),
(384, 'Güterverkehr', 'T-BGU-106611', 0, '3', 'Ganzjährig', 'Deutsch', '15', '2018-01-17 21:59:20', 0, ''),
(385, 'Paneldaten', 'T-WIWI-103127', 0, '4,5', 'Sommer', 'Deutsch', '17', '2018-01-17 21:59:40', 0, ''),
(386, 'Operations Research in Supply Chain Management', 'T-WIWI-102715', 0, '4,5', 'Unregelmäßig', 'Deutsch', '16', '2018-01-17 21:59:59', 0, ''),
(387, 'Parametrische Optimierung', 'T-WIWI-102855', 0, '4,5', 'Unregelmäßig', 'Deutsch', '17', '2018-01-17 22:00:24', 0, ''),
(388, 'Empirische Daten im Verkehrswesen', 'T-BGU-100010', 0, '3', 'Winter', 'Deutsch', '14', '2018-01-17 22:00:34', 0, ''),
(389, 'Optical Transmitters and Receivers', 'T-ETIT-100639', 0, '4', 'Winter', 'Englisch', '16', '2018-01-17 22:00:38', 0, ''),
(390, 'Field Training Water Quality', 'T-BGU-106668', 0, '0', 'Sommer', 'Deutsch', '8', '2018-01-17 22:01:16', 0, ''),
(391, 'Optical Waveguides and Fibers', 'T-ETIT-101945', 0, '4', 'Winter', 'Englisch', '16', '2018-01-17 22:01:17', 0, ''),
(392, 'Patentrecht', 'T-INFO-101310', 0, '3', 'Sommer', 'Deutsch', '17', '2018-01-17 22:01:20', 0, ''),
(393, 'Interactive Systems', 'T-WIWI-106342', 0, '4,5', 'Sommer', 'Deutsch', '10', '2018-01-17 22:01:56', 0, ''),
(394, 'Optimierung in einer zufälligen Umwelt', 'T-WIWI-102628', 0, '4,5', 'Unregelmäßig', 'Deutsch', '16', '2018-01-17 22:02:01', 0, ''),
(395, 'Recht im Schienenverkehr', 'T-BGU-101793', 0, '1,5', 'Winter', 'Deutsch', '15', '2018-01-17 22:02:08', 0, ''),
(396, 'Personalization and Services', 'T-WIWI-102848', 0, '4,5', 'Winter', 'Deutsch', '17', '2018-01-17 22:02:44', 0, ''),
(397, 'Financial Analysis', 'T-WIWI-102900', 0, '4,5', 'Sommer', 'Deutsch', '8', '2018-01-17 22:03:03', 0, ''),
(398, 'Qualitätssicherung I', 'T-WIWI-102728', 0, '4,5', 'Unregelmäßig', 'Deutsch', '18', '2018-01-17 22:03:26', 0, ''),
(399, 'Photovoltaische Systemtechnik', 'T-ETIT-100724', 0, '3', 'Sommer', 'Deutsch', '17', '2018-01-17 22:04:10', 0, ''),
(400, 'Recommendersysteme', 'T-WIWI-102847', 0, '4,5', 'Sommer', 'Deutsch', '15', '2018-01-17 22:04:34', 0, ''),
(401, 'Qualitätssicherung II', 'T-WIWI-102729', 0, '4,5', 'Unregelmäßig', 'Deutsch', '18', '2018-01-17 22:04:49', 0, ''),
(402, 'International Management in Engineering and Production', 'T-WIWI-102882', 0, '3,5', 'Winter', 'Englisch', '10', '2018-01-17 22:05:43', 0, ''),
(403, 'Quanteneffektbauelemente und Halbleitertechnologie', 'T-ETIT-100740', 0, '3', 'Unregelmäßig', 'Deutsch', '18', '2018-01-17 22:06:09', 0, ''),
(404, 'Regelkonformes Verhalten im Unternehmensbereich', 'T-INFO-101288', 0, '3', 'Winter', 'Deutsch', '15', '2018-01-17 22:06:12', 0, ''),
(405, 'Planspiel Energiewirtschaft', 'T-WIWI-108016', 0, '3', 'Sommer', 'Deutsch', '17', '2018-01-17 22:06:13', 0, ''),
(406, 'Endogene Wachstumstheorie', 'T-WIWI-102785', 0, '4,5', 'Winter', 'Deutsch', '14', '2018-01-17 22:06:32', 0, ''),
(407, 'Regelung linearer Mehrgrößensysteme', 'T-ETIT-100666', 0, '6', 'Winter', 'Deutsch', '15', '2018-01-17 22:08:09', 0, ''),
(408, 'PLM-CAD Workshop', 'T-MACH-102153', 0, '4', 'Ganzjährig', 'Deutsch', '17', '2018-01-17 22:08:28', 2, '2018-05-29 23:15:13'),
(409, 'Regulierungstheorie und -praxis', 'T-WIWI-102712', 0, '4,5', 'Sommer', 'Deutsch', '15', '2018-01-17 22:08:54', 0, ''),
(410, 'Quantitative Methods in Energy Economics', 'T-WIWI-107446', 0, '3', 'Winter', 'Deutsch', '18', '2018-01-17 22:08:58', 0, ''),
(411, 'Replikationsverfahren in der Mikrotechnik', 'T-MACH-102168', 0, '3', 'Ganzjährig', 'Deutsch', '15', '2018-01-17 22:09:49', 0, ''),
(412, 'Internationale Wirtschaftspolitik', 'T-WIWI-102897', 0, '4,5', 'Sommer', 'Deutsch', '10', '2018-01-17 22:09:51', 0, ''),
(413, 'Internetrecht', 'T-INFO-101307', 0, '3', 'Winter', 'Deutsch', '10', '2018-01-17 22:11:17', 0, ''),
(414, 'OR-nahe Modellierung und Analyse realer Probleme (Projekt)', 'T-WIWI-102730', 0, '4,5', 'Unregelmäßig', 'Deutsch', '16', '2018-01-17 22:11:22', 0, ''),
(415, 'ÖV-Verkehrserschließung', 'T-BGU-100066', 0, '6', 'Ganzjährig', 'Deutsch', '16', '2018-01-17 22:12:12', 0, ''),
(416, 'IoT Plattform für Ingenieursanwendungen', 'T-MACH-106743', 0, '4', 'Ganzjährig', 'Deutsch', '10', '2018-01-17 22:12:55', 0, ''),
(417, 'Report Urban Water Infrastructure and Management', 'T-BGU-106667', 0, '0', 'Sommer', 'Englisch', '15', '2018-01-17 22:13:58', 0, ''),
(418, 'Polymers in MEMS A: Chemistry, Synthesis and Applications', 'T-MACH-102192', 0, '3', 'Winter', 'Deutsch', '17', '2018-01-17 22:14:58', 0, ''),
(419, 'IT-Grundlagen der Logistik', 'T-MACH-105187', 0, '4', 'Ganzjährig', 'Deutsch', '10', '2018-01-17 22:15:38', 0, ''),
(420, 'Risk Communication', 'T-WIWI-102649', 0, '4,5', 'Winter', 'Deutsch', '15', '2018-01-17 22:15:51', 0, ''),
(421, 'Fluss- und Auenökologie', 'T-BGU-102997', 0, '3', 'Winter', 'Deutsch', '8', '2018-01-17 22:16:00', 0, ''),
(422, 'Risk Management in Industrial Supply Networks', 'T-WIWI-102826', 0, '3,5', 'Winter', 'Englisch', '15', '2018-01-17 22:17:13', 0, ''),
(423, 'Fortgeschrittene Stochastische Optimierung', 'T-WIWI-106548', 0, '4,5', 'Unregelmäßig', 'Deutsch', '8', '2018-01-17 22:18:35', 0, ''),
(424, 'Roadmapping', 'T-WIWI-102853', 0, '3', 'Sommer', 'Deutsch', '15', '2018-01-17 22:19:18', 0, ''),
(425, 'Valuation', 'T-WIWI-102621', 0, '4,5', 'Winter', 'Englisch', '15', '2018-01-17 22:21:04', 0, ''),
(426, 'Technologien für das Innovationsmanagement', 'T-WIWI-102854', 0, '3', 'Winter', 'Deutsch', '18', '2018-01-17 22:21:44', 0, ''),
(427, 'Wärmewirtschaft', 'T-WIWI-102695', 0, '3', 'Sommer', 'Deutsch', '8', '2018-01-17 22:22:17', 0, ''),
(428, 'Technologischer Wandel in der Energiewirtschaft', 'T-WIWI-102694', 0, '3', 'Winter', 'Deutsch', '18', '2018-01-17 22:22:21', 0, ''),
(429, 'Produkt- und Innovationsmanagement', 'T-WIWI-102812', 0, '3', 'Sommer', 'Deutsch', '16', '2018-01-17 22:23:00', 0, ''),
(430, 'Telekommunikations- und Internetökonomie', 'T-WIWI-102713', 0, '4,5', 'Winter', 'Deutsch', '18', '2018-01-17 22:23:40', 0, ''),
(431, 'Energie- und Prozesstechnik für Wirtschaftsingenieure I', 'T-MACH-102211', 0, '9', 'Winter', 'Deutsch', '14', '2018-01-17 22:24:07', 0, ''),
(432, 'Verfahrenstechnik', 'T-BGU-101844', 0, '3', 'Winter', 'Deutsch', '15', '2018-01-17 22:25:12', 0, ''),
(433, 'Produktions- und Logistikmanagement', 'T-WIWI-102632', 0, '5,5', 'Sommer', 'Deutsch', '16', '2018-01-17 22:25:32', 0, ''),
(434, 'Verfahrenstechniken der Demontage', 'T-BGU-101850', 0, '3', 'Sommer', 'Deutsch', '15', '2018-01-17 22:25:59', 0, ''),
(435, 'Umwelt- und Ressourcenpolitik', 'T-WIWI-102616', 0, '4', 'Sommer', 'Deutsch', '10', '2018-01-17 22:26:00', 0, ''),
(436, 'Telekommunikationsrecht', 'T-INFO-101309', 0, '3', 'Unregelmäßig', 'Deutsch', '18', '2018-01-17 22:27:02', 0, ''),
(437, 'Programmierpraktikum: Solving Computational Risk and Asset Management Problems', 'T-WIWI-103110', 0, '4,5', 'Winter', 'Deutsch', '16', '2018-01-17 22:27:15', 0, ''),
(438, 'Verkehrs-, Planungs- und Wegerecht', 'T-BGU-106615', 0, '3', 'Sommer', 'Deutsch', '15', '2018-01-17 22:27:45', 0, ''),
(439, 'Polymers in MEMS B: Physics, Microstructuring and Applications', 'T-MACH-102191', 0, '3', 'Winter', 'Deutsch', '17', '2018-01-17 22:27:47', 0, ''),
(440, 'Sales Management and Retailing', 'T-WIWI-102890', 0, '3', 'Winter', 'Englisch', '3', '2018-01-17 22:28:06', 0, ''),
(441, 'Umweltaspekte des Spurgeführten Verkehrs', 'T-BGU-101825', 0, '3', 'Winter', 'Deutsch', '10', '2018-01-17 22:28:06', 0, ''),
(442, 'Project Management', 'T-WIWI-103134', 0, '3,5', 'Winter', 'Englisch', '16', '2018-01-17 22:28:11', 0, ''),
(443, 'Energie und Umwelt', 'T-WIWI-102650', 0, '4,5', 'Sommer', 'Deutsch', '14', '2018-01-17 22:28:22', 0, ''),
(444, 'Verkehrsmanagement und Telematik', 'T-BGU-101799', 0, '3', 'Sommer', 'Deutsch', '15', '2018-01-17 22:28:32', 0, ''),
(445, 'Theoretische Soziologie', 'T-GEISTSOZ-101962', 0, '2', 'Unregelmäßig', 'Deutsch', '18', '2018-01-17 22:28:47', 0, ''),
(446, 'Wasserchemie und Wassertechnologie I', 'T-CIWVT-101900', 0, '6', 'Winter', 'Deutsch', '8', '2018-01-17 22:29:14', 0, ''),
(447, 'Polymers in MEMS C: Biopolymers and Bioplastics', 'T-MACH-102200', 0, '3', 'Sommer', 'Deutsch', '17', '2018-01-17 22:29:17', 0, ''),
(448, 'Projektarbeit Lean Construction', 'T-BGU-101007', 0, '1,5', 'Winter', 'Deutsch', '16', '2018-01-17 22:29:23', 0, ''),
(449, 'Verkehrswesen', 'T-BGU-106610', 0, '3', 'Sommer', 'Deutsch', '15', '2018-01-17 22:29:35', 0, ''),
(450, 'Umweltkommunikation', 'T-BGU-101676', 0, '4', 'Ganzjährig', 'Deutsch', '10', '2018-01-17 22:30:20', 0, ''),
(451, 'Schlüsselfertiges Bauen I - Prozesse und Methoden', 'T-BGU-103430', 0, '1,5', 'Sommer', 'Deutsch', '3', '2018-01-17 22:30:23', 0, ''),
(452, 'Projektmanagement in der Bau- und Immobilienwirtschaft I', 'T-BGU-103432', 0, '3', 'Winter', 'Deutsch', '16', '2018-01-17 22:30:25', 0, ''),
(453, 'Theory of Business Cycles (Konjunkturtheorie)', 'T-WIWI-102824', 0, '4,5', 'Winter', 'Deutsch', '18', '2018-01-17 22:30:47', 0, ''),
(454, 'Portfolio and Asset Liability Management', 'T-WIWI-103128', 0, '4,5', 'Sommer', 'Englisch', '17', '2018-01-17 22:30:52', 0, ''),
(455, 'Projektmanagement in der Bau- und Immobilienwirtschaft II', 'T-BGU-103433', 0, '3', 'Winter', 'Deutsch', '16', '2018-01-17 22:31:21', 0, ''),
(456, 'Umweltökonomik und Nachhaltigkeit', 'T-WIWI-102615', 0, '5', 'Winter', 'Deutsch', '10', '2018-01-17 22:31:34', 0, ''),
(457, 'Practical Course Polymers in MEMS', 'T-MACH-105556', 0, '3', 'Sommer', 'Deutsch', '17', '2018-01-17 22:31:50', 0, ''),
(458, 'Theory of Economic Growth (Wachstumstheorie)', 'T-WIWI-102825', 0, '4,5', 'Sommer', 'Englisch', '18', '2018-01-17 22:31:53', 0, ''),
(459, 'Projektseminar', 'T-GEISTSOZ-101958', 0, '4', 'Ganzjährig', 'Deutsch', '16', '2018-01-17 22:32:01', 0, ''),
(460, 'Projektstudien', 'T-BGU-101847', 0, '3', 'Sommer', 'Deutsch', '16', '2018-01-17 22:32:29', 0, ''),
(461, 'Schlüsselfertiges Bauen II - Gewerke und Technik', 'T-BGU-103431', 0, '3', 'Sommer', 'Deutsch', '3', '2018-01-17 22:32:38', 0, ''),
(462, 'Tiefbau', 'T-BGU-101832', 0, '1,5', 'Winter', 'Deutsch', '18', '2018-01-17 22:32:38', 0, ''),
(463, 'Prüfungsvorleistung Umweltkommunikation', 'T-BGU-106620', 0, '0', 'Sommer', 'Deutsch', '16', '2018-01-17 22:33:27', 0, ''),
(464, 'Wasserchemie und Wassertechnologie II', 'T-CIWVT-101901', 0, '9', 'Unregelmäßig', 'Englisch', '8', '2018-01-17 22:33:45', 0, ''),
(465, 'Topics in Experimental Economics', 'T-WIWI-102863', 0, '4,5', 'Unregelmäßig', 'Deutsch', '18', '2018-01-17 22:33:46', 0, ''),
(466, 'Practical Seminar: Digital Service Design', 'T-WIWI-105774', 0, '4,5', 'Sommer', 'Englisch', '17', '2018-01-17 22:33:52', 0, ''),
(467, 'Umweltrecht', 'T-INFO-101348', 0, '3', 'Ganzjährig', 'Deutsch', '10', '2018-01-17 22:34:37', 0, ''),
(468, 'Wasserchemisches Praktikum', 'T-CIWVT-103351', 0, '4', 'Unregelmäßig', 'Deutsch', '8', '2018-01-17 22:34:44', 0, ''),
(469, 'Vertiefung Lebensmittelverfahrenstechnik', 'T-CIWVT-101875', 0, '9', 'Unregelmäßig', 'Englisch', '15', '2018-01-17 22:35:10', 0, ''),
(470, 'Public Management', 'T-WIWI-102740', 0, '4,5', 'Winter', 'Deutsch', '16', '2018-01-17 22:35:19', 0, ''),
(471, 'Vertragsgestaltung', 'T-INFO-101316', 0, '3', 'Ganzjährig', 'Deutsch', '15', '2018-01-17 22:36:04', 0, ''),
(472, 'Praktikum Lasermaterialbearbeitung', 'T-MACH-102154', 0, '4', 'Ganzjährig', 'Deutsch', '17', '2018-01-17 22:36:24', 0, ''),
(473, 'Wasserressourcenmanagement und Ingenieurhydrologie', 'T-BGU-101805', 0, '3', 'Unregelmäßig', 'Deutsch', '8', '2018-01-17 22:36:33', 0, ''),
(474, 'Vertragsgestaltung im IT-Bereich', 'T-INFO-102036', 0, '3', 'Unregelmäßig', 'Deutsch', '15', '2018-01-17 22:36:42', 0, ''),
(475, 'Transportökonomie', 'T-WIWI-100007', 0, '4,5', 'Sommer', 'Deutsch', '18', '2018-01-17 22:36:59', 0, ''),
(476, 'Energiehandel und Risikomanagement', 'T-WIWI-102691', 0, '4', 'Sommer', 'Deutsch', '14', '2018-01-17 22:37:24', 0, ''),
(477, 'Tunnelbau und Sprengtechnik', 'T-BGU-101846', 0, '3', 'Winter', 'Deutsch', '18', '2018-01-17 22:38:17', 0, ''),
(478, 'Wastewater and Storm Water Treatment', 'T-BGU-106601', 0, '6', 'Sommer', 'Deutsch', '8', '2018-01-17 22:38:18', 0, ''),
(479, 'Schweißtechnik', 'T-MACH-105170', 0, '4', 'Ganzjährig', 'Deutsch', '3', '2018-01-17 22:38:37', 0, ''),
(480, 'Virtual Engineering I', 'T-MACH-102123', 0, '6', 'Winter', 'Deutsch', '15', '2018-01-17 22:38:49', 0, ''),
(481, 'Energieübertragung und Netzregelung', 'T-ETIT-101941', 0, '5', 'Sommer', 'Deutsch', '14', '2018-01-17 22:38:54', 0, ''),
(482, 'Virtual Engineering II', 'T-MACH-102124', 0, '4', 'Sommer', 'Deutsch', '15', '2018-01-17 22:39:51', 0, ''),
(483, 'Praktikum Sensoren und Aktoren', 'T-ETIT-100706', 0, '6', 'Sommer', 'Deutsch', '17', '2018-01-17 22:39:59', 0, ''),
(484, 'Supply Chain Management with Advanced Planning Systems', 'T-WIWI-102763', 0, '3,5', 'Sommer', 'Englisch', '16', '2018-01-17 22:40:16', 0, ''),
(485, 'Urban Water Infrastructure and Management', 'T-BGU-106600', 0, '6', 'Ganzjährig', 'Deutsch', '10', '2018-01-17 22:40:29', 0, ''),
(486, 'Virtual Engineering Praktikum', 'T-MACH-106740', 0, '4', 'Ganzjährig', 'Deutsch', '15', '2018-01-17 22:40:34', 0, ''),
(487, 'Praktikum ’Technische Keramik’', 'T-MACH-105178', 0, '1', 'Ganzjährig', 'Deutsch', '17', '2018-01-17 22:41:11', 0, ''),
(488, 'Virtual Reality Praktikum', 'T-MACH-102149', 0, '4', 'Ganzjährig', 'Deutsch', '15', '2018-01-17 22:41:12', 0, ''),
(489, 'Workshop Business Wargaming – Analyse strategischer Interaktionen', 'T-WIWI-106189', 0, '3', 'Sommer', 'Deutsch', '18', '2018-01-17 22:41:23', 0, ''),
(490, 'Supply Chain Management in der Prozessindustrie', 'T-WIWI-102860', 0, '4,5', 'Winter', 'Englisch', '16', '2018-01-17 22:41:28', 0, ''),
(491, 'Seminarpraktikum Digital Service Systems', 'T-WIWI-106563', 0, '4,5', 'Unregelmäßig', 'Deutsch', '3', '2018-01-17 22:41:32', 0, ''),
(492, 'Wettbewerb, Planung und Finanzierung im ÖPNV', 'T-BGU-101005', 0, '3', 'Ganzjährig', 'Deutsch', '8', '2018-01-17 22:41:56', 0, ''),
(493, 'Workshop aktuelle Themen Strategie und Management', 'T-WIWI-106188', 0, '3', 'Unregelmäßig', 'Deutsch', '18', '2018-01-17 22:42:07', 0, ''),
(494, 'Virtuelle Lernfabrik 4.X', 'T-MACH-106741', 0, '4', 'Ganzjährig', 'Deutsch', '15', '2018-01-17 22:42:15', 0, ''),
(495, 'Urheberrecht', 'T-INFO-101308', 0, '3', 'Ganzjährig', 'Deutsch', '10', '2018-01-17 22:42:17', 0, ''),
(496, 'Seminarpraktikum Service Innovation', 'T-WIWI-102799', 0, '4,5', 'Unregelmäßig', 'Deutsch', '3', '2018-01-17 22:42:25', 0, ''),
(497, 'Praktikum zu Grundlagen der Mikrosystemtechnik', 'T-MACH-102164', 0, '3', 'Ganzjährig', 'Deutsch', '17', '2018-01-17 22:42:56', 0, ''),
(498, 'Wirtschaftlichkeit im Schienenverkehr', 'T-BGU-101794', 0, '1,5', 'Winter', 'Deutsch', '8', '2018-01-17 22:43:10', 0, ''),
(499, 'Energy Market Engineering', 'T-WIWI-107501', 0, '4,5', 'Sommer', 'Deutsch', '14', '2018-01-17 22:43:15', 14, '2018-01-17 22:46:56'),
(500, 'Seminarpraktikum: Crowd Analytics', 'T-WIWI-106214', 0, '4,5', 'Unregelmäßig', 'Englisch', '3', '2018-01-17 22:43:18', 0, ''),
(501, 'Supply Chain Management in der Automobilindustrie', 'T-WIWI-102828', 0, '3,5', 'Winter', 'Deutsch', '16', '2018-01-17 22:43:37', 0, ''),
(502, 'Praxis-Seminar: Health Care Management', 'T-WIWI-102716', 0, '4,5', 'Ganzjährig', 'Deutsch', '17', '2018-01-17 22:44:09', 0, ''),
(503, 'Seminarpraktikum: Data-Driven Information Systems', 'T-WIWI-106207', 0, '4,5', 'Ganzjährig', 'Englisch', '3', '2018-01-17 22:44:30', 0, ''),
(504, 'Supply Chain Management (mach und wiwi)', 'T-MACH-105181', 0, '6', 'Ganzjährig', 'Deutsch', '16', '2018-01-17 22:44:59', 0, ''),
(505, 'Sensoren', 'T-ETIT-101911', 0, '3', 'Winter', 'Deutsch', '3', '2018-01-17 22:45:05', 0, ''),
(506, 'Predictive Mechanism and Market Design', 'T-WIWI-102862', 0, '4,5', 'Unregelmäßig', 'Englisch', '17', '2018-01-17 22:45:06', 0, ''),
(507, 'Superharte Dünnschichtmaterialien', 'T-MACH-102103', 0, '4', 'Ganzjährig', 'Deutsch', '16', '2018-01-17 22:45:44', 0, ''),
(508, 'Preismanagement', 'T-WIWI-105946', 0, '4,5', 'Sommer', 'Deutsch', '17', '2018-01-17 22:46:27', 0, ''),
(509, 'Sicherheitsmanagement im Straßenwesen', 'T-BGU-101674', 0, '3', 'Winter', 'Deutsch', '8', '2018-01-17 22:47:55', 0, ''),
(510, 'Preisverhandlungen und Verkaufspräsentationen', 'T-WIWI-102891', 0, '1,5', 'Winter', 'Deutsch', '17', '2018-01-17 22:48:32', 0, ''),
(511, 'Sensorsysteme', 'T-ETIT-100709', 0, '3', 'Sommer', 'Deutsch', '3', '2018-01-17 22:49:05', 17, '2018-04-25 19:26:01'),
(512, 'Sicherheitstechnik', 'T-MACH-105171', 0, '4', 'Ganzjährig', 'Deutsch', '8', '2018-01-17 22:49:44', 0, ''),
(513, 'Energy Networks and Regulation', 'T-WIWI-107503', 0, '4,5', 'Winter', 'Deutsch', '14', '2018-01-17 22:49:54', 0, ''),
(514, 'Service Analytics A', 'T-WIWI-105778', 0, '4,5', 'Sommer', 'Deutsch', '3', '2018-01-17 22:50:23', 0, ''),
(515, 'Pricing', 'T-WIWI-102883', 0, '4,5', 'Winter', 'Deutsch', '17', '2018-01-17 22:50:47', 0, ''),
(516, 'Siedlungswasserwirtschaft', 'T-BGU-101788', 0, '4', 'Sommer', 'Deutsch', '8', '2018-01-17 22:50:52', 0, ''),
(517, 'Strategische Verkehrsplanung', 'T-BGU-103426', 0, '3', 'Sommer', 'Deutsch', '16', '2018-01-17 22:50:55', 0, ''),
(518, 'Steuerrecht II', 'T-INFO-101314', 0, '3', 'Sommer', 'Deutsch', '2', '2018-01-17 22:51:21', 0, ''),
(519, 'Strategie- und Managementtheorie', 'T-WIWI-106190', 0, '3', 'Unregelmäßig', 'Deutsch', '16', '2018-01-17 22:51:39', 0, ''),
(520, 'Energy Systems Analysis', 'T-WIWI-102830', 0, '3', 'Winter', 'Englisch', '14', '2018-01-17 22:51:40', 0, ''),
(521, 'Service Analytics B - Enterprise Data Reduction and Prediction', 'T-WIWI-105779', 0, '4,5', 'Sommer', 'Deutsch', '3', '2018-01-17 22:52:00', 0, ''),
(522, 'Privatrechtliche Übung', 'T-INFO-102013', 0, '9', 'Ganzjährig', 'Deutsch', '17', '2018-01-17 22:52:34', 0, ''),
(523, 'Service Design Thinking', 'T-WIWI-102849', 0, '9', 'Ganzjährig', 'Englisch', '3', '2018-01-17 22:53:16', 0, ''),
(524, 'Engineering FinTech Solutions', 'T-WIWI-106193', 0, '4,5', 'Sommer', 'Englisch', '14', '2018-01-17 22:53:22', 0, ''),
(525, 'Strategic Brand Management', 'T-WIWI-102842', 0, '1,5', 'Sommer', 'Deutsch', '16', '2018-01-17 22:53:40', 0, ''),
(526, 'Steuerrecht I', 'T-INFO-101315', 0, '3', 'Winter', 'Deutsch', '2', '2018-01-17 22:53:43', 0, ''),
(527, 'Straßenverkehrstechnik', 'T-BGU-101798', 0, '3', 'Winter', 'Deutsch', '16', '2018-01-17 22:54:13', 0, ''),
(528, 'Simulation stochastischer Systeme', 'T-WIWI-106552', 0, '4,5', 'Sommer', 'Deutsch', '15', '2018-01-17 22:54:32', 0, ''),
(529, 'Service Innovation', 'T-WIWI-102641', 0, '4,5', 'Sommer', 'Englisch', '3', '2018-01-17 22:54:40', 0, ''),
(530, 'Stoffströme in Flussgebieten', 'T-BGU-103648', 0, '3', 'Unregelmäßig', 'Deutsch', '16', '2018-01-17 22:55:01', 0, ''),
(531, 'Simulation von Verkehr', 'T-BGU-101800', 0, '3', 'Sommer', 'Deutsch', '15', '2018-01-17 22:55:04', 0, ''),
(532, 'Statistik für Fortgeschrittene', 'T-WIWI-103123', 0, '4,5', 'Winter', 'Deutsch', '2', '2018-01-17 22:56:23', 0, ''),
(533, 'Stochastic Calculus and Finance', 'T-WIWI-103129', 0, '4,5', 'Winter', 'Englisch', '16', '2018-01-17 22:56:38', 0, ''),
(534, 'Entrepreneurial Leadership & Innovation Management', 'T-WIWI-102833', 0, '3', 'Winter', 'Englisch', '14', '2018-01-17 22:56:56', 0, ''),
(535, 'Smart Energy Infrastructure', 'T-WIWI-107464', 0, '3', 'Winter', 'Deutsch', '15', '2018-01-17 22:57:22', 0, ''),
(536, 'Ereignisdiskrete Simulation in Produktion und Logistik', 'T-WIWI-102718', 0, '4,5', 'Sommer', 'Deutsch', '3', '2018-01-17 22:58:10', 0, ''),
(537, 'Entrepreneurship', 'T-WIWI-102864', 0, '3', 'Ganzjährig', 'Deutsch', '14', '2018-01-17 22:58:22', 0, ''),
(538, 'Smart Grid Applications', 'T-WIWI-107504', 0, '4,5', 'Winter', 'Deutsch', '15', '2018-01-17 22:58:50', 0, ''),
(539, 'Europäische Wirtschaftsintegration', 'T-WIWI-102896', 0, '4,5', 'Winter', 'Deutsch', '3', '2018-01-17 22:59:12', 0, ''),
(540, 'Entrepreneurship-Forschung', '[T-WIWI-102894', 0, '3', 'Sommer', 'Deutsch', '14', '2018-01-17 22:59:26', 0, ''),
(541, 'Social Choice Theory', 'T-WIWI-102859', 0, '4,5', 'Sommer', 'Englisch', '15', '2018-01-17 22:59:35', 0, ''),
(542, 'Europäisches und Internationales Recht', 'T-INFO-101312', 0, '3', 'Sommer', 'Deutsch', '3', '2018-01-17 22:59:57', 0, ''),
(543, 'Spurgeführte Transportsysteme - Technische Gestaltung und Komponenten', 'T-BGU-100052', 0, '6', 'Ganzjährig', 'Deutsch', '2', '2018-01-17 23:00:02', 0, ''),
(544, 'Spatial Economics', 'T-WIWI-103107', 0, '4,5', 'Winter', 'Deutsch', '15', '2018-01-17 23:00:44', 0, ''),
(545, 'Environmental Management', 'T-BGU-106682', 0, '9', 'Sommer', 'Deutsch', '14', '2018-01-17 23:00:46', 0, ''),
(546, 'Spurgeführte Transportsysteme - Betriebslogistik und -management', 'T-BGU-100060', 0, '6', 'Sommer', 'Deutsch', '2', '2018-01-17 23:01:12', 0, ''),
(547, 'Experimentelles Schweißtechnisches Praktikum, in Gruppen', 'T-MACH-102099', 0, '4', 'Winter', 'Deutsch', '8', '2018-01-17 23:01:34', 2, '2018-05-23 22:53:35'),
(548, 'Experimentelle Wirtschaftsforschung', 'T-WIWI-102614', 0, '4,5', 'Winter', 'Deutsch', '3', '2018-01-17 23:01:34', 2, '2018-05-23 22:24:28'),
(549, 'Erdbau', 'T-BGU-101801', 0, '1,5', 'Winter', 'Deutsch', '14', '2018-01-17 23:04:01', 0, ''),
(550, 'Erdgasmärkte', 'T-WIWI-102692', 0, '3', 'Winter', 'Deutsch', '14', '2018-01-17 23:06:33', 0, ''),
(551, 'Ausgewählte Rechtsfragen des Internetrechts', 'T-INFO-108462', 0, '3', 'Sommer', 'Deutsch', '10', '2018-04-25 19:58:05', 0, ''),
(552, ' Seminar Verkehrswesen', 'T-BGU-100014', 0, '3', 'Sommer', 'Deutsch', '2', '2018-05-04 15:20:19', 2, '2018-05-04 15:25:52'),
(553, 'Seminar Mobility Services (Master)', 'T-WIWI-103174', 0, '3', 'Winter', 'Deutsch', '2', '2018-05-04 15:22:53', 2, '2018-05-04 15:26:16'),
(554, 'Kommunales Finanzwesen', 'T-WIWI-107763', 0, '4,5', 'Winter', 'Deutsch', '2', '2018-05-23 22:37:12', 0, ''),
(555, 'Einführung in das Operations Research I und II', 'T-WIWI-102758', 0, '9', 'Ganzjährig', 'Deutsch', '2', '2018-05-29 21:30:41', 0, '');

-- --------------------------------------------------------

--
-- Tabellenstruktur für Tabelle `subjects_lecturers`
--

CREATE TABLE IF NOT EXISTS `subjects_lecturers` (
  `subjects_lecturers_ID` int(10) NOT NULL AUTO_INCREMENT,
  `subject_ID` int(10) NOT NULL,
  `lecturer_ID` int(10) NOT NULL,
  PRIMARY KEY (`subjects_lecturers_ID`)
) ENGINE=InnoDB  DEFAULT CHARSET=utf8 AUTO_INCREMENT=828 ;

--
-- Daten für Tabelle `subjects_lecturers`
--

INSERT INTO `subjects_lecturers` (`subjects_lecturers_ID`, `subject_ID`, `lecturer_ID`) VALUES
(6, 6, 7),
(7, 7, 11),
(9, 9, 8),
(10, 9, 13),
(11, 9, 14),
(12, 10, 17),
(13, 11, 15),
(14, 12, 16),
(15, 13, 17),
(16, 13, 19),
(17, 14, 12),
(18, 15, 12),
(20, 17, 23),
(21, 18, 23),
(22, 19, 25),
(23, 20, 22),
(24, 21, 26),
(25, 22, 24),
(27, 24, 28),
(28, 25, 29),
(30, 27, 30),
(31, 27, 32),
(32, 28, 33),
(33, 29, 31),
(41, 33, 30),
(42, 33, 36),
(43, 34, 39),
(45, 36, 41),
(46, 37, 43),
(48, 39, 42),
(49, 39, 44),
(50, 40, 46),
(51, 38, 45),
(52, 41, 47),
(53, 42, 48),
(55, 44, 24),
(57, 46, 16),
(58, 47, 24),
(59, 48, 46),
(61, 50, 52),
(62, 51, 51),
(70, 56, 53),
(71, 56, 15),
(72, 56, 57),
(73, 56, 58),
(77, 60, 65),
(78, 61, 21),
(79, 61, 63),
(80, 61, 64),
(81, 62, 11),
(82, 63, 62),
(85, 65, 68),
(86, 66, 69),
(88, 68, 71),
(89, 68, 73),
(90, 68, 74),
(93, 70, 62),
(94, 71, 34),
(95, 71, 77),
(102, 76, 82),
(104, 78, 81),
(105, 79, 82),
(108, 82, 23),
(109, 82, 85),
(112, 85, 87),
(113, 86, 23),
(114, 86, 12),
(115, 87, 87),
(116, 88, 88),
(117, 89, 12),
(118, 90, 89),
(119, 91, 91),
(120, 92, 53),
(121, 92, 90),
(122, 93, 92),
(125, 96, 10),
(128, 99, 97),
(129, 99, 98),
(131, 101, 99),
(132, 102, 100),
(133, 103, 102),
(134, 104, 101),
(135, 105, 95),
(136, 106, 104),
(137, 107, 103),
(139, 109, 102),
(140, 109, 105),
(145, 113, 32),
(146, 113, 109),
(147, 114, 111),
(148, 115, 31),
(149, 116, 110),
(152, 118, 110),
(153, 119, 112),
(156, 122, 30),
(157, 123, 115),
(158, 124, 116),
(161, 127, 116),
(162, 128, 118),
(164, 130, 119),
(165, 130, 120),
(166, 131, 121),
(168, 133, 121),
(169, 134, 84),
(170, 135, 122),
(171, 135, 123),
(172, 136, 84),
(173, 137, 124),
(174, 138, 84),
(175, 139, 124),
(177, 141, 125),
(178, 142, 35),
(179, 143, 125),
(180, 144, 16),
(181, 145, 35),
(183, 147, 127),
(184, 148, 126),
(185, 148, 128),
(186, 148, 129),
(187, 148, 133),
(192, 151, 134),
(193, 152, 17),
(194, 152, 135),
(195, 153, 17),
(196, 153, 135),
(197, 154, 15),
(198, 154, 136),
(199, 154, 137),
(201, 156, 5),
(202, 157, 138),
(210, 158, 139),
(211, 158, 140),
(212, 158, 141),
(213, 160, 143),
(214, 160, 144),
(215, 161, 139),
(216, 161, 140),
(217, 161, 141),
(220, 163, 139),
(221, 163, 140),
(222, 163, 141),
(223, 164, 143),
(224, 164, 144),
(225, 165, 139),
(226, 165, 140),
(227, 165, 141),
(234, 169, 111),
(235, 170, 147),
(236, 171, 149),
(238, 173, 119),
(239, 174, 66),
(240, 174, 151),
(241, 175, 66),
(242, 175, 152),
(243, 175, 153),
(244, 176, 150),
(248, 180, 81),
(251, 183, 155),
(252, 183, 156),
(253, 184, 150),
(254, 185, 157),
(255, 186, 158),
(257, 188, 160),
(258, 189, 161),
(260, 191, 15),
(261, 192, 21),
(262, 192, 163),
(263, 192, 164),
(268, 195, 117),
(270, 197, 167),
(273, 200, 168),
(277, 204, 23),
(278, 204, 85),
(279, 204, 169),
(280, 205, 21),
(283, 207, 13),
(284, 207, 14),
(287, 210, 33),
(288, 211, 48),
(290, 213, 147),
(292, 214, 45),
(293, 214, 48),
(294, 215, 23),
(295, 216, 23),
(298, 219, 174),
(299, 220, 175),
(301, 222, 103),
(304, 225, 103),
(306, 227, 88),
(307, 228, 88),
(308, 229, 177),
(312, 232, 179),
(320, 237, 160),
(322, 239, 183),
(324, 241, 184),
(325, 241, 27),
(326, 242, 34),
(327, 243, 48),
(333, 199, 40),
(336, 52, 27),
(337, 52, 53),
(338, 53, 53),
(339, 23, 27),
(340, 59, 53),
(341, 121, 114),
(342, 181, 27),
(343, 193, 27),
(344, 193, 165),
(345, 193, 53),
(346, 238, 53),
(347, 49, 50),
(348, 8, 10),
(349, 26, 27),
(350, 35, 40),
(351, 111, 107),
(352, 83, 86),
(353, 95, 53),
(354, 120, 113),
(355, 126, 117),
(356, 129, 117),
(357, 194, 27),
(359, 162, 145),
(360, 162, 53),
(361, 166, 146),
(362, 166, 53),
(363, 182, 27),
(364, 196, 166),
(365, 198, 165),
(366, 201, 27),
(367, 202, 53),
(368, 226, 107),
(369, 223, 53),
(370, 240, 27),
(371, 245, 27),
(372, 245, 86),
(373, 245, 53),
(374, 245, 117),
(375, 246, 137),
(376, 247, 6),
(377, 248, 112),
(378, 248, 184),
(379, 248, 34),
(380, 249, 81),
(381, 250, 110),
(382, 251, 62),
(383, 252, 81),
(384, 253, 62),
(386, 254, 62),
(387, 255, 62),
(388, 256, 30),
(389, 257, 186),
(390, 258, 49),
(391, 259, 189),
(392, 260, 189),
(393, 261, 24),
(394, 261, 31),
(395, 262, 190),
(396, 263, 192),
(397, 264, 189),
(398, 265, 188),
(399, 265, 191),
(400, 266, 84),
(401, 267, 13),
(402, 268, 186),
(404, 270, 48),
(405, 271, 125),
(406, 269, 84),
(407, 272, 150),
(408, 273, 193),
(409, 274, 84),
(410, 67, 70),
(411, 275, 193),
(412, 276, 32),
(413, 277, 194),
(414, 72, 76),
(415, 278, 35),
(416, 279, 155),
(417, 280, 70),
(418, 281, 196),
(419, 282, 195),
(420, 283, 156),
(421, 284, 198),
(422, 284, 197),
(423, 286, 155),
(424, 287, 200),
(425, 288, 150),
(426, 73, 78),
(427, 73, 79),
(428, 289, 199),
(429, 75, 78),
(430, 75, 79),
(431, 290, 199),
(432, 291, 62),
(433, 292, 49),
(434, 293, 201),
(435, 77, 83),
(436, 294, 150),
(437, 295, 202),
(438, 296, 195),
(439, 297, 150),
(440, 298, 84),
(441, 299, 150),
(442, 300, 31),
(443, 301, 63),
(444, 302, 104),
(445, 43, 49),
(446, 45, 49),
(447, 74, 80),
(448, 303, 156),
(450, 98, 95),
(451, 304, 63),
(452, 54, 54),
(453, 54, 56),
(454, 54, 55),
(455, 305, 150),
(456, 306, 39),
(457, 58, 60),
(458, 307, 179),
(459, 308, 24),
(460, 309, 203),
(461, 310, 104),
(462, 311, 150),
(463, 312, 160),
(464, 313, 204),
(466, 314, 58),
(468, 80, 84),
(469, 315, 134),
(471, 316, 150),
(472, 317, 13),
(473, 318, 150),
(474, 84, 84),
(475, 16, 20),
(476, 319, 25),
(477, 94, 93),
(478, 320, 62),
(479, 321, 101),
(480, 322, 15),
(481, 323, 95),
(482, 324, 34),
(483, 325, 62),
(484, 326, 205),
(485, 327, 62),
(486, 328, 43),
(487, 329, 206),
(488, 330, 155),
(489, 331, 21),
(490, 332, 15),
(491, 333, 208),
(492, 334, 192),
(493, 335, 172),
(494, 336, 16),
(495, 337, 142),
(496, 337, 207),
(497, 338, 30),
(498, 339, 63),
(499, 340, 30),
(500, 341, 210),
(501, 342, 30),
(502, 343, 15),
(503, 343, 209),
(504, 344, 36),
(505, 64, 66),
(506, 64, 67),
(508, 69, 72),
(509, 69, 75),
(510, 346, 156),
(511, 347, 16),
(512, 348, 52),
(513, 349, 8),
(514, 350, 13),
(515, 351, 211),
(516, 352, 55),
(517, 353, 132),
(518, 132, 95),
(519, 354, 211),
(520, 355, 21),
(521, 356, 55),
(522, 357, 95),
(523, 358, 212),
(524, 359, 7),
(525, 360, 186),
(526, 361, 52),
(527, 362, 192),
(528, 363, 83),
(529, 364, 111),
(530, 365, 111),
(531, 125, 10),
(532, 366, 213),
(533, 117, 79),
(534, 117, 92),
(535, 140, 28),
(536, 367, 214),
(537, 368, 199),
(538, 369, 175),
(539, 370, 177),
(540, 371, 79),
(541, 371, 92),
(542, 372, 48),
(543, 373, 215),
(544, 374, 216),
(545, 375, 36),
(546, 100, 96),
(547, 376, 45),
(548, 377, 220),
(549, 378, 218),
(550, 378, 219),
(551, 379, 137),
(552, 380, 21),
(553, 381, 16),
(554, 382, 111),
(555, 383, 217),
(556, 384, 213),
(557, 385, 173),
(558, 386, 21),
(559, 387, 84),
(560, 388, 208),
(561, 389, 127),
(562, 155, 41),
(563, 390, 186),
(564, 390, 221),
(565, 391, 204),
(566, 392, 199),
(567, 393, 63),
(568, 393, 222),
(569, 394, 154),
(570, 150, 101),
(571, 395, 62),
(572, 396, 223),
(573, 397, 224),
(574, 146, 39),
(575, 398, 154),
(576, 399, 118),
(577, 399, 82),
(578, 400, 16),
(579, 401, 154),
(580, 402, 225),
(581, 403, 204),
(582, 404, 199),
(583, 405, 226),
(584, 406, 52),
(585, 112, 31),
(586, 112, 108),
(587, 407, 160),
(589, 409, 18),
(590, 410, 227),
(591, 411, 194),
(592, 149, 130),
(593, 149, 131),
(594, 149, 132),
(595, 412, 228),
(596, 413, 199),
(597, 414, 154),
(598, 415, 62),
(599, 416, 81),
(600, 417, 186),
(601, 418, 229),
(602, 419, 231),
(603, 420, 111),
(604, 421, 230),
(605, 422, 100),
(606, 423, 39),
(607, 424, 234),
(608, 425, 24),
(609, 426, 234),
(610, 427, 25),
(611, 428, 99),
(612, 429, 30),
(613, 430, 18),
(614, 431, 233),
(615, 431, 235),
(616, 431, 236),
(617, 431, 237),
(618, 187, 159),
(619, 432, 14),
(620, 433, 32),
(621, 434, 8),
(622, 435, 238),
(623, 190, 162),
(624, 436, 125),
(625, 437, 150),
(626, 438, 240),
(627, 439, 194),
(628, 209, 171),
(629, 440, 30),
(630, 440, 62),
(631, 442, 32),
(632, 443, 217),
(633, 444, 156),
(634, 445, 161),
(635, 446, 239),
(636, 447, 229),
(637, 447, 194),
(638, 448, 13),
(639, 449, 156),
(640, 450, 241),
(641, 451, 242),
(642, 452, 13),
(643, 453, 243),
(644, 454, 244),
(645, 455, 13),
(646, 456, 238),
(647, 457, 229),
(648, 457, 194),
(649, 458, 243),
(650, 233, 180),
(651, 233, 128),
(652, 233, 181),
(653, 459, 161),
(654, 460, 8),
(655, 461, 242),
(656, 461, 247),
(657, 461, 14),
(658, 236, 128),
(659, 236, 181),
(660, 463, 241),
(661, 464, 239),
(662, 464, 246),
(663, 464, 248),
(664, 465, 34),
(665, 466, 63),
(666, 466, 249),
(667, 467, 250),
(668, 468, 246),
(669, 468, 239),
(670, 469, 177),
(671, 235, 182),
(672, 470, 28),
(673, 471, 199),
(674, 217, 172),
(675, 472, 134),
(676, 473, 252),
(677, 474, 199),
(678, 475, 18),
(679, 476, 25),
(680, 476, 227),
(681, 476, 251),
(682, 477, 13),
(683, 478, 186),
(684, 478, 254),
(685, 479, 253),
(686, 480, 81),
(687, 481, 82),
(688, 212, 132),
(689, 482, 81),
(690, 483, 87),
(691, 484, 255),
(692, 484, 256),
(693, 485, 186),
(694, 486, 81),
(695, 487, 172),
(696, 488, 81),
(697, 489, 132),
(698, 490, 21),
(699, 491, 63),
(700, 492, 258),
(701, 493, 132),
(702, 494, 81),
(703, 495, 199),
(704, 496, 63),
(705, 497, 211),
(706, 498, 62),
(708, 500, 15),
(709, 501, 259),
(710, 501, 260),
(711, 502, 21),
(712, 503, 15),
(713, 503, 63),
(714, 504, 261),
(715, 505, 87),
(716, 506, 34),
(717, 507, 70),
(718, 508, 16),
(719, 508, 262),
(720, 499, 15),
(721, 509, 205),
(722, 510, 30),
(723, 510, 263),
(724, 231, 88),
(725, 230, 176),
(726, 230, 178),
(728, 512, 264),
(729, 513, 15),
(730, 514, 197),
(731, 514, 265),
(732, 515, 36),
(733, 516, 186),
(734, 517, 267),
(735, 518, 266),
(736, 179, 154),
(737, 519, 132),
(738, 520, 268),
(739, 521, 265),
(740, 177, 154),
(741, 177, 132),
(742, 522, 199),
(743, 522, 43),
(744, 523, 15),
(745, 523, 58),
(746, 524, 150),
(747, 525, 30),
(748, 525, 269),
(749, 526, 266),
(750, 527, 156),
(751, 528, 45),
(752, 529, 58),
(753, 218, 173),
(754, 530, 186),
(755, 531, 156),
(756, 224, 154),
(757, 221, 154),
(758, 532, 45),
(759, 533, 244),
(760, 534, 270),
(761, 535, 271),
(762, 208, 21),
(763, 536, 21),
(764, 537, 195),
(765, 538, 15),
(766, 539, 228),
(767, 540, 195),
(768, 541, 184),
(769, 542, 250),
(770, 543, 62),
(771, 544, 52),
(772, 545, 186),
(773, 546, 62),
(778, 206, 170),
(779, 206, 28),
(780, 203, 161),
(781, 549, 272),
(782, 550, 273),
(783, 511, 87),
(785, 31, 37),
(787, 244, 185),
(788, 244, 52),
(789, 551, 199),
(792, 110, 106),
(793, 159, 142),
(794, 81, 84),
(796, 32, 18),
(797, 108, 95),
(798, 55, 59),
(799, 57, 61),
(800, 97, 94),
(801, 172, 59),
(802, 168, 59),
(803, 178, 38),
(804, 178, 132),
(805, 345, 186),
(809, 552, 156),
(810, 552, 213),
(811, 553, 58),
(812, 548, 136),
(813, 548, 137),
(814, 548, 209),
(815, 554, 28),
(816, 30, 34),
(817, 547, 42),
(818, 547, 182),
(819, 5, 5),
(820, 555, 21),
(821, 555, 39),
(822, 555, 84),
(823, 234, 18),
(824, 408, 81),
(825, 167, 139),
(826, 167, 140),
(827, 167, 141);

-- --------------------------------------------------------

--
-- Tabellenstruktur für Tabelle `subjects_modules`
--

CREATE TABLE IF NOT EXISTS `subjects_modules` (
  `subjects_modules_ID` int(100) NOT NULL AUTO_INCREMENT,
  `subject_ID` int(11) NOT NULL,
  `module_ID` int(11) NOT NULL,
  PRIMARY KEY (`subjects_modules_ID`)
) ENGINE=InnoDB  DEFAULT CHARSET=utf8 AUTO_INCREMENT=1136 ;

--
-- Daten für Tabelle `subjects_modules`
--

INSERT INTO `subjects_modules` (`subjects_modules_ID`, `subject_ID`, `module_ID`) VALUES
(6, 6, 6),
(7, 7, 8),
(8, 7, 9),
(10, 9, 7),
(11, 10, 14),
(12, 11, 11),
(13, 11, 12),
(14, 11, 16),
(15, 11, 17),
(16, 12, 15),
(17, 13, 14),
(18, 14, 18),
(19, 15, 18),
(21, 17, 18),
(22, 18, 18),
(23, 19, 21),
(24, 20, 39),
(25, 21, 18),
(26, 21, 25),
(27, 22, 22),
(30, 24, 24),
(31, 25, 25),
(34, 27, 30),
(35, 28, 31),
(36, 29, 17),
(37, 29, 12),
(38, 29, 11),
(44, 33, 34),
(45, 34, 32),
(46, 34, 33),
(49, 36, 36),
(50, 37, 37),
(52, 39, 38),
(53, 40, 35),
(54, 38, 39),
(55, 41, 12),
(56, 41, 11),
(57, 42, 39),
(59, 44, 44),
(61, 46, 15),
(62, 46, 42),
(63, 47, 12),
(64, 47, 11),
(65, 48, 40),
(66, 48, 45),
(69, 50, 46),
(70, 51, 47),
(71, 51, 48),
(78, 56, 16),
(79, 56, 42),
(80, 56, 51),
(87, 60, 12),
(88, 60, 11),
(89, 61, 51),
(90, 62, 8),
(91, 62, 9),
(92, 63, 49),
(95, 65, 52),
(96, 66, 5),
(98, 68, 31),
(99, 68, 54),
(102, 70, 49),
(103, 71, 8),
(104, 71, 9),
(110, 76, 56),
(112, 78, 36),
(113, 79, 56),
(117, 82, 47),
(121, 85, 58),
(122, 86, 47),
(123, 87, 45),
(124, 88, 53),
(125, 89, 47),
(126, 90, 36),
(127, 91, 31),
(128, 91, 54),
(129, 92, 59),
(130, 93, 50),
(134, 96, 59),
(137, 99, 5),
(139, 101, 21),
(140, 102, 61),
(141, 103, 41),
(142, 104, 62),
(143, 105, 64),
(144, 106, 34),
(145, 107, 63),
(147, 109, 41),
(154, 113, 61),
(155, 114, 65),
(156, 115, 44),
(157, 116, 66),
(159, 118, 66),
(160, 119, 8),
(165, 122, 34),
(166, 123, 41),
(167, 124, 47),
(172, 127, 47),
(173, 128, 52),
(176, 130, 41),
(177, 131, 25),
(178, 131, 48),
(180, 133, 25),
(181, 133, 48),
(182, 134, 33),
(183, 134, 32),
(184, 134, 67),
(185, 135, 60),
(186, 136, 33),
(187, 137, 25),
(188, 138, 33),
(189, 139, 25),
(193, 141, 37),
(194, 142, 68),
(195, 143, 37),
(196, 144, 15),
(197, 144, 42),
(198, 145, 68),
(199, 145, 46),
(202, 147, 41),
(203, 148, 41),
(207, 151, 53),
(208, 152, 70),
(209, 153, 70),
(210, 154, 16),
(211, 154, 64),
(213, 156, 30),
(214, 157, 36),
(218, 158, 71),
(219, 160, 53),
(220, 161, 71),
(223, 163, 71),
(224, 164, 53),
(225, 165, 71),
(231, 169, 65),
(232, 170, 31),
(233, 170, 54),
(234, 171, 5),
(236, 173, 41),
(237, 174, 25),
(238, 174, 48),
(239, 175, 48),
(240, 176, 72),
(245, 180, 36),
(250, 183, 73),
(251, 184, 72),
(252, 185, 5),
(253, 186, 61),
(255, 188, 74),
(256, 189, 75),
(258, 191, 16),
(259, 192, 57),
(264, 195, 76),
(267, 197, 26),
(271, 200, 5),
(277, 204, 18),
(278, 204, 25),
(279, 204, 47),
(280, 205, 57),
(281, 205, 67),
(282, 205, 64),
(286, 207, 7),
(291, 210, 31),
(292, 210, 54),
(293, 211, 77),
(295, 213, 31),
(296, 213, 54),
(298, 214, 77),
(299, 215, 18),
(300, 216, 18),
(303, 219, 60),
(304, 220, 31),
(305, 220, 54),
(307, 222, 63),
(311, 225, 5),
(314, 227, 78),
(315, 228, 45),
(316, 228, 53),
(317, 228, 40),
(318, 229, 40),
(321, 232, 79),
(328, 237, 74),
(331, 239, 60),
(334, 241, 9),
(335, 241, 28),
(336, 241, 10),
(337, 242, 80),
(338, 243, 39),
(339, 243, 8),
(347, 199, 26),
(352, 52, 26),
(353, 52, 27),
(354, 53, 81),
(355, 53, 26),
(356, 53, 28),
(357, 53, 27),
(358, 53, 10),
(359, 23, 26),
(360, 23, 27),
(361, 59, 26),
(362, 59, 27),
(363, 121, 26),
(364, 121, 27),
(365, 181, 26),
(366, 181, 27),
(367, 193, 26),
(368, 193, 27),
(369, 238, 26),
(370, 238, 27),
(371, 49, 81),
(372, 49, 28),
(373, 49, 10),
(374, 8, 81),
(375, 8, 28),
(376, 8, 10),
(377, 26, 81),
(378, 26, 28),
(379, 26, 10),
(380, 35, 81),
(381, 35, 28),
(382, 35, 10),
(383, 111, 81),
(384, 111, 28),
(385, 111, 10),
(386, 83, 81),
(387, 83, 28),
(388, 83, 10),
(389, 95, 81),
(390, 95, 28),
(391, 95, 10),
(392, 120, 81),
(393, 120, 28),
(394, 120, 10),
(395, 126, 81),
(396, 126, 28),
(397, 126, 10),
(398, 129, 81),
(399, 129, 28),
(400, 129, 10),
(401, 194, 81),
(402, 194, 28),
(403, 194, 10),
(407, 162, 81),
(408, 162, 28),
(409, 162, 10),
(410, 166, 81),
(411, 166, 28),
(412, 166, 10),
(413, 182, 81),
(414, 182, 28),
(415, 182, 10),
(416, 196, 81),
(417, 196, 28),
(418, 196, 10),
(419, 198, 81),
(420, 198, 28),
(421, 198, 10),
(422, 201, 81),
(423, 201, 28),
(424, 201, 10),
(425, 202, 81),
(426, 202, 28),
(427, 202, 10),
(428, 226, 81),
(429, 226, 28),
(430, 226, 10),
(431, 223, 81),
(432, 223, 28),
(433, 223, 10),
(434, 240, 81),
(435, 240, 28),
(436, 240, 10),
(437, 245, 81),
(438, 245, 28),
(439, 245, 10),
(440, 246, 82),
(441, 247, 5),
(442, 248, 83),
(443, 248, 84),
(444, 248, 86),
(445, 249, 85),
(446, 250, 90),
(447, 251, 89),
(448, 252, 85),
(449, 253, 88),
(451, 254, 89),
(452, 254, 88),
(453, 255, 94),
(454, 256, 92),
(455, 256, 95),
(456, 257, 98),
(457, 258, 101),
(458, 259, 100),
(459, 260, 107),
(460, 261, 99),
(461, 261, 84),
(462, 261, 104),
(463, 261, 106),
(464, 262, 108),
(465, 262, 110),
(466, 263, 112),
(467, 264, 107),
(468, 265, 103),
(469, 265, 105),
(470, 265, 113),
(471, 266, 109),
(472, 266, 111),
(473, 266, 114),
(474, 267, 110),
(475, 267, 108),
(476, 268, 98),
(478, 270, 97),
(479, 271, 115),
(480, 271, 117),
(481, 269, 109),
(482, 272, 118),
(483, 272, 119),
(484, 273, 120),
(485, 274, 109),
(486, 274, 114),
(487, 274, 111),
(488, 67, 116),
(489, 67, 53),
(490, 275, 120),
(491, 276, 121),
(492, 277, 122),
(493, 72, 18),
(494, 278, 86),
(495, 278, 90),
(496, 278, 83),
(497, 278, 124),
(498, 279, 125),
(499, 280, 116),
(500, 281, 128),
(501, 282, 112),
(502, 282, 127),
(503, 283, 131),
(504, 284, 86),
(505, 284, 83),
(506, 284, 133),
(507, 284, 113),
(508, 284, 130),
(509, 284, 134),
(510, 286, 136),
(511, 287, 127),
(512, 288, 135),
(513, 73, 50),
(514, 73, 126),
(515, 289, 137),
(516, 75, 50),
(517, 75, 126),
(518, 290, 137),
(519, 291, 94),
(520, 292, 101),
(521, 293, 92),
(522, 293, 95),
(523, 77, 101),
(524, 77, 140),
(525, 77, 41),
(526, 294, 118),
(527, 294, 139),
(528, 294, 141),
(529, 294, 142),
(530, 295, 116),
(531, 296, 127),
(532, 297, 143),
(533, 298, 109),
(534, 299, 143),
(535, 300, 99),
(536, 300, 106),
(537, 301, 129),
(538, 301, 145),
(539, 302, 82),
(540, 302, 146),
(541, 43, 101),
(542, 43, 41),
(543, 45, 101),
(544, 45, 41),
(545, 74, 99),
(546, 74, 106),
(547, 74, 12),
(548, 74, 11),
(549, 303, 131),
(550, 303, 151),
(556, 98, 123),
(557, 98, 148),
(558, 98, 147),
(559, 98, 149),
(560, 98, 126),
(561, 304, 132),
(562, 304, 113),
(563, 304, 134),
(564, 304, 150),
(565, 54, 101),
(566, 54, 41),
(567, 54, 144),
(568, 305, 135),
(569, 306, 109),
(570, 306, 114),
(571, 306, 111),
(572, 58, 17),
(573, 58, 12),
(574, 58, 11),
(576, 307, 152),
(577, 308, 86),
(578, 308, 99),
(579, 308, 106),
(580, 308, 84),
(581, 309, 116),
(582, 310, 82),
(583, 310, 92),
(584, 311, 143),
(585, 312, 153),
(586, 313, 140),
(587, 313, 128),
(589, 314, 150),
(590, 314, 134),
(592, 80, 109),
(593, 315, 116),
(596, 316, 142),
(597, 316, 119),
(598, 317, 110),
(599, 318, 139),
(600, 84, 109),
(601, 84, 33),
(602, 16, 5),
(603, 319, 113),
(604, 319, 155),
(605, 94, 123),
(606, 94, 50),
(607, 94, 154),
(608, 94, 148),
(609, 320, 94),
(610, 321, 154),
(611, 322, 156),
(612, 323, 154),
(613, 324, 127),
(614, 325, 89),
(615, 325, 88),
(616, 326, 157),
(617, 327, 88),
(618, 328, 160),
(619, 329, 158),
(620, 329, 159),
(621, 330, 125),
(622, 330, 136),
(623, 331, 109),
(624, 331, 114),
(625, 331, 103),
(626, 331, 111),
(627, 332, 86),
(628, 332, 133),
(629, 332, 150),
(630, 332, 162),
(631, 332, 163),
(632, 333, 151),
(633, 333, 131),
(634, 334, 127),
(635, 334, 112),
(636, 335, 116),
(637, 336, 161),
(638, 337, 164),
(639, 338, 146),
(640, 338, 92),
(641, 338, 165),
(642, 339, 156),
(643, 339, 130),
(644, 340, 165),
(645, 341, 5),
(646, 342, 90),
(647, 342, 146),
(648, 343, 130),
(649, 343, 134),
(650, 343, 167),
(651, 344, 146),
(652, 344, 95),
(653, 64, 47),
(654, 64, 48),
(656, 69, 31),
(657, 69, 54),
(658, 346, 151),
(659, 347, 163),
(660, 348, 93),
(661, 348, 166),
(662, 348, 168),
(663, 348, 169),
(664, 349, 170),
(665, 350, 108),
(666, 351, 122),
(667, 351, 140),
(668, 352, 144),
(669, 353, 90),
(670, 353, 171),
(671, 353, 173),
(672, 132, 123),
(673, 132, 50),
(674, 132, 147),
(675, 354, 140),
(676, 355, 113),
(677, 355, 114),
(678, 355, 103),
(679, 356, 122),
(680, 356, 144),
(681, 357, 149),
(682, 358, 159),
(683, 358, 158),
(684, 359, 88),
(685, 360, 98),
(686, 361, 166),
(687, 362, 127),
(688, 362, 112),
(689, 363, 140),
(690, 364, 159),
(691, 364, 158),
(692, 365, 159),
(693, 365, 158),
(694, 125, 81),
(695, 125, 28),
(696, 125, 10),
(697, 366, 151),
(698, 366, 131),
(699, 117, 123),
(700, 117, 50),
(701, 117, 126),
(702, 140, 8),
(703, 140, 24),
(704, 140, 174),
(705, 140, 46),
(706, 367, 159),
(707, 367, 158),
(708, 368, 117),
(709, 369, 175),
(710, 369, 176),
(711, 370, 177),
(712, 371, 123),
(713, 371, 126),
(714, 372, 97),
(715, 372, 102),
(716, 373, 122),
(717, 373, 128),
(718, 374, 121),
(719, 374, 178),
(720, 375, 95),
(721, 100, 154),
(722, 100, 60),
(723, 376, 102),
(724, 376, 111),
(725, 376, 179),
(726, 377, 146),
(727, 378, 99),
(728, 378, 106),
(729, 379, 162),
(730, 380, 103),
(731, 380, 105),
(732, 381, 161),
(733, 382, 159),
(734, 382, 158),
(735, 383, 178),
(736, 384, 89),
(737, 384, 151),
(738, 384, 131),
(739, 385, 97),
(740, 385, 102),
(741, 386, 109),
(742, 386, 114),
(743, 386, 103),
(744, 386, 105),
(745, 386, 111),
(746, 387, 109),
(747, 388, 131),
(748, 389, 128),
(749, 155, 36),
(750, 155, 138),
(751, 155, 85),
(752, 390, 180),
(753, 391, 8),
(754, 391, 128),
(755, 392, 160),
(756, 393, 145),
(757, 394, 172),
(758, 150, 154),
(759, 150, 60),
(760, 395, 89),
(761, 395, 88),
(762, 395, 94),
(763, 396, 132),
(764, 396, 161),
(765, 397, 99),
(766, 397, 106),
(767, 146, 57),
(768, 146, 32),
(769, 146, 111),
(770, 398, 172),
(771, 399, 100),
(772, 400, 132),
(773, 400, 161),
(774, 401, 172),
(775, 402, 121),
(776, 402, 178),
(777, 403, 144),
(778, 403, 128),
(779, 404, 115),
(780, 405, 155),
(781, 406, 168),
(782, 406, 181),
(783, 406, 182),
(784, 112, 17),
(785, 112, 99),
(786, 112, 106),
(787, 112, 12),
(788, 112, 11),
(789, 407, 153),
(792, 409, 155),
(793, 409, 91),
(794, 410, 155),
(795, 411, 101),
(796, 411, 122),
(797, 149, 68),
(798, 149, 69),
(799, 149, 173),
(800, 412, 169),
(801, 413, 160),
(802, 414, 172),
(803, 415, 94),
(804, 416, 138),
(805, 416, 85),
(806, 417, 183),
(807, 418, 122),
(808, 419, 123),
(809, 419, 126),
(810, 420, 159),
(811, 420, 158),
(812, 421, 31),
(813, 421, 54),
(814, 422, 121),
(815, 422, 178),
(816, 423, 109),
(817, 423, 114),
(818, 423, 111),
(819, 424, 127),
(820, 424, 112),
(821, 425, 90),
(822, 425, 104),
(823, 425, 99),
(824, 425, 106),
(825, 426, 112),
(826, 427, 164),
(827, 428, 164),
(828, 429, 90),
(829, 429, 166),
(830, 429, 146),
(831, 430, 163),
(832, 430, 91),
(833, 431, 184),
(834, 187, 123),
(835, 187, 50),
(836, 187, 154),
(837, 187, 148),
(838, 187, 147),
(839, 187, 149),
(840, 187, 126),
(841, 432, 170),
(842, 433, 178),
(843, 434, 170),
(844, 435, 185),
(845, 190, 154),
(846, 190, 60),
(847, 436, 117),
(848, 437, 141),
(849, 438, 157),
(850, 439, 122),
(851, 209, 60),
(852, 440, 92),
(853, 440, 89),
(854, 440, 88),
(855, 440, 94),
(856, 442, 121),
(857, 442, 178),
(858, 443, 164),
(859, 443, 185),
(860, 444, 131),
(861, 445, 187),
(862, 446, 186),
(863, 447, 122),
(864, 448, 110),
(865, 449, 151),
(866, 450, 175),
(867, 450, 176),
(868, 451, 110),
(869, 451, 108),
(870, 452, 110),
(871, 452, 108),
(872, 453, 181),
(873, 454, 102),
(874, 455, 110),
(875, 455, 108),
(876, 456, 185),
(877, 457, 122),
(878, 458, 181),
(879, 233, 116),
(880, 233, 53),
(881, 459, 187),
(882, 460, 170),
(883, 461, 110),
(884, 461, 108),
(885, 461, 170),
(886, 236, 116),
(887, 236, 53),
(888, 463, 175),
(889, 463, 176),
(890, 464, 188),
(891, 465, 124),
(892, 466, 145),
(893, 466, 129),
(894, 467, 117),
(895, 467, 185),
(896, 468, 186),
(897, 469, 189),
(898, 235, 116),
(899, 235, 53),
(900, 470, 171),
(901, 470, 174),
(902, 470, 190),
(903, 471, 115),
(904, 471, 137),
(905, 217, 116),
(906, 217, 53),
(907, 472, 116),
(908, 473, 175),
(909, 473, 176),
(910, 474, 160),
(911, 475, 91),
(912, 475, 185),
(913, 475, 191),
(914, 476, 155),
(915, 477, 170),
(916, 478, 183),
(917, 479, 116),
(918, 480, 138),
(919, 481, 100),
(920, 212, 69),
(921, 212, 173),
(922, 482, 85),
(923, 483, 192),
(924, 483, 193),
(925, 484, 121),
(926, 484, 178),
(927, 485, 183),
(928, 486, 138),
(929, 486, 85),
(930, 487, 116),
(931, 488, 138),
(932, 488, 85),
(933, 489, 194),
(934, 490, 103),
(935, 490, 105),
(936, 491, 113),
(937, 492, 151),
(938, 492, 131),
(939, 493, 194),
(940, 494, 138),
(941, 494, 85),
(942, 495, 115),
(943, 495, 160),
(944, 496, 132),
(945, 496, 129),
(946, 497, 101),
(947, 497, 122),
(948, 497, 140),
(949, 497, 41),
(950, 497, 144),
(951, 498, 89),
(952, 498, 88),
(953, 498, 94),
(957, 500, 167),
(958, 501, 121),
(959, 501, 178),
(960, 502, 103),
(961, 502, 105),
(962, 503, 156),
(963, 504, 148),
(964, 505, 192),
(965, 506, 86),
(966, 506, 124),
(967, 507, 116),
(968, 508, 163),
(969, 499, 155),
(970, 499, 195),
(971, 499, 162),
(972, 499, 133),
(973, 509, 157),
(974, 510, 92),
(975, 231, 116),
(976, 231, 53),
(977, 230, 116),
(978, 230, 53),
(981, 512, 123),
(982, 512, 126),
(983, 513, 195),
(984, 513, 133),
(985, 514, 161),
(986, 514, 156),
(987, 514, 130),
(988, 514, 134),
(989, 515, 90),
(990, 515, 171),
(991, 515, 92),
(992, 515, 95),
(993, 515, 82),
(994, 516, 183),
(995, 517, 151),
(996, 517, 131),
(997, 518, 137),
(998, 179, 67),
(999, 179, 172),
(1000, 519, 194),
(1001, 520, 164),
(1002, 521, 130),
(1003, 177, 68),
(1004, 177, 67),
(1005, 177, 172),
(1006, 177, 69),
(1007, 522, 196),
(1008, 523, 197),
(1009, 524, 135),
(1010, 524, 142),
(1011, 524, 143),
(1012, 525, 146),
(1013, 526, 115),
(1014, 526, 137),
(1015, 527, 131),
(1016, 528, 111),
(1017, 529, 132),
(1018, 529, 129),
(1019, 529, 134),
(1020, 218, 97),
(1021, 218, 102),
(1022, 218, 39),
(1023, 530, 98),
(1024, 531, 131),
(1025, 224, 67),
(1026, 224, 172),
(1027, 221, 67),
(1028, 221, 172),
(1029, 532, 179),
(1030, 533, 102),
(1031, 534, 127),
(1032, 534, 112),
(1033, 535, 164),
(1034, 208, 57),
(1035, 208, 33),
(1036, 208, 114),
(1037, 208, 103),
(1038, 208, 64),
(1039, 536, 114),
(1040, 536, 103),
(1041, 536, 105),
(1042, 537, 127),
(1043, 537, 112),
(1044, 538, 195),
(1045, 539, 169),
(1046, 540, 127),
(1047, 541, 190),
(1048, 541, 83),
(1049, 542, 117),
(1050, 543, 88),
(1051, 544, 93),
(1052, 544, 191),
(1053, 544, 182),
(1054, 545, 180),
(1055, 546, 89),
(1061, 206, 24),
(1062, 206, 12),
(1063, 206, 11),
(1064, 206, 174),
(1065, 203, 187),
(1066, 203, 75),
(1067, 549, 170),
(1068, 550, 155),
(1069, 511, 192),
(1070, 511, 193),
(1073, 31, 31),
(1074, 31, 54),
(1076, 244, 80),
(1077, 551, 160),
(1081, 110, 123),
(1082, 110, 147),
(1083, 159, 21),
(1084, 81, 109),
(1085, 81, 33),
(1087, 32, 91),
(1088, 108, 123),
(1089, 108, 154),
(1090, 108, 148),
(1091, 108, 147),
(1092, 108, 149),
(1093, 55, 123),
(1094, 55, 50),
(1095, 55, 126),
(1096, 57, 123),
(1097, 57, 50),
(1098, 57, 126),
(1099, 97, 123),
(1100, 97, 50),
(1101, 97, 126),
(1102, 172, 123),
(1103, 172, 50),
(1104, 172, 126),
(1105, 168, 123),
(1106, 168, 50),
(1107, 168, 126),
(1108, 168, 60),
(1109, 178, 68),
(1110, 178, 69),
(1111, 345, 180),
(1114, 552, 151),
(1115, 552, 131),
(1116, 553, 151),
(1117, 553, 131),
(1118, 548, 86),
(1119, 548, 167),
(1120, 548, 124),
(1121, 548, 133),
(1122, 554, 24),
(1123, 30, 8),
(1124, 30, 9),
(1125, 547, 116),
(1126, 5, 22),
(1127, 555, 19),
(1128, 234, 8),
(1129, 234, 91),
(1130, 234, 42),
(1131, 234, 46),
(1132, 408, 36),
(1133, 408, 138),
(1134, 408, 85),
(1135, 167, 71);

-- --------------------------------------------------------

--
-- Tabellenstruktur für Tabelle `users`
--

CREATE TABLE IF NOT EXISTS `users` (
  `user_ID` int(11) NOT NULL AUTO_INCREMENT,
  `admin` int(10) NOT NULL,
  `super_admin` int(10) NOT NULL,
  `first_name` varchar(60) NOT NULL,
  `last_name` varchar(100) NOT NULL,
  `username` varchar(100) NOT NULL,
  `email` varchar(60) NOT NULL,
  `password` varchar(255) NOT NULL,
  `active` tinyint(1) NOT NULL,
  `degree` varchar(100) NOT NULL,
  `advance` varchar(100) NOT NULL,
  `semester` varchar(100) NOT NULL,
  `info` varchar(100) NOT NULL,
  `hash` varchar(100) NOT NULL,
  `recoverhash` varchar(100) NOT NULL,
  PRIMARY KEY (`user_ID`)
) ENGINE=InnoDB  DEFAULT CHARSET=utf8 AUTO_INCREMENT=38 ;

--
-- Daten für Tabelle `users`
--

INSERT INTO `users` (`user_ID`, `admin`, `super_admin`, `first_name`, `last_name`, `username`, `email`, `password`, `active`, `degree`, `advance`, `semester`, `info`, `hash`, `recoverhash`) VALUES
(1, 1, 0, 'Albert', 'Einstein', 'der_albert', 'albert.einstein@student.kit.edu', '$2y$10$Olubv.Q98VXDGVHsNxXcU.wjL08FWSjZLQlSfg2epJ1enmNhLk6nW', 1, '', 'bachelor', '18', 'yes', '2ca65f58e35d9ad45bf7f3ae5cfd08f1', ''),
(2, 1, 1, 'Julian', 'Germek', 'juliangermek', 'julian.germek@gmail.com', '$2y$10$wf3M7kBl13ekvwKAYczZIesfn1mNPz7iaQTMrvmGE6q/e9KJGOmKq', 1, 'Wirtschaftsingenieurwesen', 'bachelor', '2', 'no', '1ff1de774005f8da13f42943881c655f', '5ef059938ba799aaa845e1c2e8a762bd'),
(3, 1, 1, 'Jonas', 'Bakker', 'jonasl', 'ueehp@student.kit.edu', '$2y$10$Ep.Ddqf4iFUEiSn4qfzOJ.PT0JvN9fUmvtfLo0K2kg.XAigQgDVQ.', 1, 'wing', 'bachelor', '6', 'no', 'eeb69a3cb92300456b6a5f4162093851', ''),
(8, 1, 0, 'Katja', 'Goller', 'Katja', 'ucrnh@student.kit.edu', '$2y$10$Xo.UCzDtWyVt8GPcszIrDe.wvJn6VkX43QSlnWj0tuRABRYkxFVxW', 1, 'Wirtschaftsingenieurwesen', 'bachelor', '4', 'no', '352407221afb776e3143e8a1a0577885', ''),
(9, 1, 0, 'Cornelia', 'Glitz', 'cornelia', 'utdtj@student.kit.edu', '$2y$10$/IbI6F6qyvj4bjb8eBaegeZ3fzogdG0ZhR0lb.FSr45db289FzVPG', 1, 'Wirtschaftsingenieurwesen', 'bachelor', '6', 'no', 'eae27d77ca20db309e056e3d2dcd7d69', ''),
(10, 1, 0, 'Begüm Serra', 'Güven', 'thehitchhiker42', 'urfml@student.kit.edu', '$2y$10$3UHDCQhNPXhFIEZ30XxFt.dB11w45z.Gu9CBPOXkXVOUHLazKpSBa', 1, 'Wirtschaftsingenieurwesen', 'bachelor', '2', 'yes', '847cc55b7032108eee6dd897f3bca8a5', ''),
(11, 1, 0, 'Alina', 'Trenkle', 'AlinaTrenkle', 'uboxu@student.kit.edu', '$2y$10$0Vl5GHakWWYinzx7Nw.7f.aUgGEcMHYtb3ixFU8YqdTfdT73xuwCa', 1, 'Wirtschaftsingenieurwesen', 'bachelor', '3', 'no', '6da9003b743b65f4c0ccd295cc484e57', ''),
(12, 1, 0, 'Robert', 'Ax', 'Robert', 'ucdxm@student.kit.edu', '$2y$10$I.sS5WJfEgrgApbBRnj5Suq/s/FLbZYWR.KykC.Jq/lai1xtwAnAO', 1, 'Technische Volkswirtschaftslehre', 'master', '1', 'no', 'c4ca4238a0b923820dcc509a6f75849b', ''),
(13, 0, 0, 'Max', 'Stauder', 'MaxSta123', 'uodls@student.kit.edu', '$2y$10$3EZuX3Lo/1ivSCDnbAKh7eZ.FG1MmyXpQq4qdRqyzsF8Z5K0hIETG', 1, 'WiWi', 'master', '8', 'yes', '1595af6435015c77a7149e92a551338e', ''),
(14, 1, 0, 'Yingkai', 'Yang', 'Yingkai', 'ugdqz@student.kit.edu', '$2y$10$TGsCMm12nT0m7pFdhmypWeVQB4LLCCCZBJbVFH44iWtj10VKUZ8gG', 1, 'Wirtschaftsingenieurwesen', 'master', '11', 'no', 'df6d2338b2b8fce1ec2f6dda0a630eb0', ''),
(15, 1, 0, 'Christoph', 'Stein', 'Quaselverzippelogyp', 'uqxqo@student.kit.edu', '$2y$10$qKfr72y6izPhG.qVRDGm1.CXEYHcN.VOgfB9TiumA3zsvElI0ZPkS', 1, 'Wirtschaftsingenieurwesen', 'bachelor', '3', 'no', '4f6ffe13a5d75b2d6a3923922b3922e5', ''),
(16, 1, 0, 'Marco', 'Gehring', 'derhahnmusslaufen', 'uodcf@student.kit.edu', '$2y$10$bBHUx28olKNOyNdLBdHIa.Tfb25DHr0QKaYsJe2q.2aNKPbxD1k1m', 1, 'Wirtschaftsingenieurswesen', 'master', '4', 'no', 'd67d8ab4f4c10bf22aa353e27879133c', ''),
(17, 1, 0, 'Daniel', 'Englert', 'Mcduniel', 'utdqr@student.kit.edu', '$2y$10$JeHyF5ZAATlWJWoMH1u9ve1FChAJcvxE7XTc3zAwfFGoWxQ4akT8.', 1, 'Wirtschaftsingenieur', 'bachelor', '7', 'no', '149e9677a5989fd342ae44213df68868', ''),
(18, 1, 0, 'Benedikt', 'Niedenthal', 'benedikt_n', 'utube@student.kit.edu', '$2y$10$6N/msTMyEwrSAoX83bFaq.cx6q9aboedj5Fu2kU.ZAAUVYHZ5p35O', 1, 'Wirtschaftsingenieuwesen', 'bachelor', '3', 'no', '1679091c5a880faf6fb5e6087eb1b2dc', ''),
(20, 1, 0, 'David', 'Schwab', 'DSchwab', 'urdhx@student.kit.edu', '$2y$10$LKO.MTjAhzAnb3PguMbSJO5lYiqoAs0st4.jAdvQhJDkbIbZaNmPu', 1, 'Wirtschaftsingenieurwesen', 'master', '2', 'no', '54a367d629152b720749e187b3eaa11b', ''),
(21, 1, 0, 'Jochen', 'Di Vincenzo', 'JDpower910', 'uvdir@student.kit.edu', '$2y$10$aeUYYA6wb/.1fLy.W03Guebt4b0GaPvlffCMPIkEO.PIlG2x49NRS', 1, 'Wirtschaftsingenieurwesen', 'master', '2', 'no', '555d6702c950ecb729a966504af0a635', ''),
(22, 1, 0, 'Johannes', 'Burger', 'Johannes', 'ubdrd@student.kit.edu', '$2y$10$WTQyUWsnoWBcNAXQEl0H9.1LluTuB.B22XxJdq.g/suW5jpn3osiG', 1, 'Wirtschaftsingenieurwesen', 'master', '3', 'no', '4e0928de075538c593fbdabb0c5ef2c3', '84f7e69969dea92a925508f7c1f9579a'),
(23, 1, 0, 'Sven', 'Watzinger', 'Hannebambel', 'usdbj@student.kit.edu', '$2y$10$xD6vHSm28yLggKvjwZSKDukbFaoDnU77jBfirPzDR6CqhDw3wdi8y', 1, 'Wirtschaftsingenieurwesen', 'master', '3', 'no', '0efe32849d230d7f53049ddc4a4b0c60', ''),
(24, 0, 0, 'Maximilian', 'Löffel', 'MaxEl', 'udebm@student.kit.edu', '$2y$10$f1qIi6eBDPpQMI3.B6AAIOYa1aRxGcgY0sOAMxBSw1TYorrL2BWM2', 1, 'Wirtschaftsingenieurwesen', 'master', '2', 'yes', '3cf166c6b73f030b4f67eeaeba301103', ''),
(27, 0, 0, 'Simon', 'Schülle', 'WiWiWise', 'uzloc@student.kit.edu', '$2y$10$k2xq7XTiYFwsMVN1H3TJY.8XZSlsqLaTVzGExJQV4QHdBJEhDGKMy', 1, '', 'bachelor', '4', 'no', 'f0adc8838f4bdedde4ec2cfad0515589', ''),
(28, 0, 0, 'Thomas', 'Unterladstätter', 'thomas1913', 'udurq@student.kit.edu', '$2y$10$Xu1Y84n2DFmE.6J9.qvP4eVZ2.JMntzxe.JgSrLW/Lw5i4M3qa25e', 1, '', 'bachelor', '4', 'no', 'aab3238922bcc25a6f606eb525ffdc56', ''),
(29, 0, 0, 'Arseniy', 'Kurynyi', 'hanswiwi', 'ukebq@student.kit.edu', '$2y$10$qtbgAEgDTk3WfY20qesXPegmBqjMjqJs/S79BomZnEhhwzxLnH1QK', 1, '', 'master', '2', 'no', '1f0e3dad99908345f7439f8ffabdffc4', ''),
(30, 0, 0, 'Felix', 'Frey', 'littleprincess92', 'urdjj@student.kit.edu', '$2y$10$JYfHUkMrV/7X3FtuM1hWM.Zc6YYognGgZKRhsrRyO9OR/G0ZGYbD2', 1, '', 'master', '10', 'no', '6ecbdd6ec859d284dc13885a37ce8d81', ''),
(31, 0, 0, 'Niklas', 'Letmathe', 'NikLe', 'ugesh@student.kit.edu', '$2y$10$8bvbLgv1Hp.oBpu..czZNOtjqqns74rUBbua9l3ZgBKIGIH.LLEeC', 1, 'Wirtschaftsingenieurwesen', 'bachelor', '6', 'no', '24896ee4c6526356cc127852413ea3b4', ''),
(32, 0, 0, 'Julia', 'Seitz', 'seiju', 'ulefv@student.kit.edu', '$2y$10$0jZYOM5I3dMT7EA36JoxzOm7DrBMsazjAROGPyaYxjcvUaT6fpcl6', 1, 'Wirtschaftsingenieurwesen', 'bachelor', '8', 'no', '5ef059938ba799aaa845e1c2e8a762bd', ''),
(33, 0, 0, 'Philipp', 'Wilczek', 'PhilWil', 'uvdje@student.kit.edu', '$2y$10$1NJbg.b8FRRPChf1TgQzAu9hCSR1lTri2L.xpCifdJmz6IY04YWKa', 1, '', 'master', '10', 'no', '8f7d807e1f53eff5f9efbe5cb81090fb', ''),
(34, 0, 0, 'Kirsten', 'Prill', 'Kikiri', 'uvdbf@student.kit.edu', '$2y$10$A/.W/ZR5ojVopX5RoJZJCO3ADXupWADavvLvq44jUTrXJNvucspwS', 1, 'Wirtschaftsingenieurwesen', 'master', '12', 'no', 'd1fe173d08e959397adf34b1d77e88d7', ''),
(35, 0, 0, 'Niklas', 'Steinkühler', 'Nikki', 'upecv@student.kit.edu', '$2y$10$QXNZmLe4HW/5qCCg7JhAqO/mOZYpYQJF0inZwqLrfnTfxtSe.AAO.', 1, 'Wirtschaftsingenieurwesen', 'bachelor', '6', 'no', 'eba0dc302bcd9a273f8bbb72be3a687b', ''),
(36, 0, 0, 'Lukas', 'Röring', 'LuRoe', 'Lukas.Roering@web.de', '$2y$10$iaCWFX2h82EUuTuLS2ifheu90W.zYo3gikxicnMPGSHrp5Ev3dMiW', 1, 'Wirtschaftsingenieurwesen', 'master', '4', 'no', '94c7bb58efc3b337800875b5d382a072', ''),
(37, 0, 0, 'Jonas', 'Benterbusch', 'JoBen', 'jonas.benterbusch@estiem.org', '$2y$10$Olubv.Q98VXDGVHsNxXcU.wjL08FWSjZLQlSfg2epJ1enmNhLk6nW', 1, 'Wirtschaftsingenieurwesen', 'master', '4', 'no', 'bd686fd640be98efaae0091fa301e613', '577ef1154f3240ad5b9b413aa7346a1e');

-- --------------------------------------------------------

--
-- Tabellenstruktur für Tabelle `user_notifications`
--

CREATE TABLE IF NOT EXISTS `user_notifications` (
  `ID` int(10) NOT NULL AUTO_INCREMENT,
  `user_id` int(10) NOT NULL,
  `own_questions` int(10) NOT NULL,
  PRIMARY KEY (`ID`)
) ENGINE=MyISAM  DEFAULT CHARSET=latin1 COLLATE=latin1_german2_ci AUTO_INCREMENT=22 ;

--
-- Daten für Tabelle `user_notifications`
--

INSERT INTO `user_notifications` (`ID`, `user_id`, `own_questions`) VALUES
(8, 8, 1),
(7, 2, 1),
(9, 29, 1),
(10, 9, 1),
(11, 12, 1),
(12, 3, 1),
(13, 34, 1),
(14, 35, 1),
(15, 21, 1),
(16, 20, 1),
(17, 17, 1),
(18, 36, 1),
(19, 23, 1),
(20, 14, 1),
(21, 37, 1);

/*!40101 SET CHARACTER_SET_CLIENT=@OLD_CHARACTER_SET_CLIENT */;
/*!40101 SET CHARACTER_SET_RESULTS=@OLD_CHARACTER_SET_RESULTS */;
/*!40101 SET COLLATION_CONNECTION=@OLD_COLLATION_CONNECTION */;
